"Year","Citations","Title","DOI","OAStatus","OAUrl","PrimaryPDF","Landing","Authors","Topic","Volume","Issue","FirstPage","LastPage"
"2024","82","Memristive Tabu Learning Neuron Generated Multi-Wing Attractor With FPGA Implementation and Application in Encryption","https://doi.org/10.1109/tcsi.2024.3439869","green","https://uhra.herts.ac.uk/id/eprint/11323/1/TCAS_I_Tabu_Wing.pdf",,"https://doi.org/10.1109/tcsi.2024.3439869","Quanli Deng; Chunhua Wang; Yichuang Sun; Zekun Deng; Gang Yang","Advanced Memory and Neural Computing","72","1","300","311"
"2024","33","ACE-CNN: Approximate Carry Disregard Multipliers for Energy-Efficient CNN-Based Image Classification","https://doi.org/10.1109/tcsi.2024.3369230","hybrid","https://doi.org/10.1109/tcsi.2024.3369230",,"https://doi.org/10.1109/tcsi.2024.3369230","Salar Shakibhamedan; Nima Amirafshar; Ahmad Sedigh Baroughi; Hadi Shahriar Shahhoseini; Nima TaheriNejad","Advanced Neural Network Applications","71","5","2280","2293"
"2024","26","A Generalized Adjusted Min-Sum Decoder for 5G LDPC Codes: Algorithm and Implementation","https://doi.org/10.1109/tcsi.2024.3368056","green","https://pure.tue.nl/ws/files/331786672/A_Generalized_Adjusted_Min-Sum_Decoder_for_5G_LDPC_Codes_Algorithm_and_Implementation.pdf",,"https://doi.org/10.1109/tcsi.2024.3368056","Yuqing Ren; Hassan Harb; Yifei Shen; Alexios Balatsoukas‐Stimming; Andreas Burg","Error Correcting Code Techniques","71","6","2911","2924"
"2024","19","Accelerated Image Processing Through IMPLY-Based NoCarry Approximated Adders","https://doi.org/10.1109/tcsi.2024.3426926","hybrid","https://doi.org/10.1109/tcsi.2024.3426926",,"https://doi.org/10.1109/tcsi.2024.3426926","Fabian Seiler; Nima TaheriNejad","Advanced Memory and Neural Computing","71","11","5141","5154"
"2024","14","SYNtzulu: A Tiny RISC-V-Controlled SNN Processor for Real-Time Sensor Data Analysis on Low-Power FPGAs","https://doi.org/10.1109/tcsi.2024.3450966","hybrid","https://doi.org/10.1109/tcsi.2024.3450966",,"https://doi.org/10.1109/tcsi.2024.3450966","Gianluca Leone; Matteo Antonio Scrugli; Lorenzo Badas; Luca Martis; Luigi Raffo","CCD and CMOS Imaging Sensors","72","2","790","801"
"2024","14","Frequency-Transformation-Based Co-Designed Lowpass-Single/Multi-Passband-Highpass RF Filters","https://doi.org/10.1109/tcsi.2024.3382094","green","https://ebuah.uah.es/dspace/bitstream/10017/65202/3/Frequency_Gomez_IEEETransCircSysI_2024.pdf",,"https://doi.org/10.1109/tcsi.2024.3382094","Roberto Gómez‐García; Li Yang; Mohamed Malki; José‐María Muñoz‐Ferreras","Microwave Engineering and Waveguides","71","8","3608","3621"
"2024","13","A High-Reliability, Non-CRP-Discard Arbiter PUF Based on Delay Difference Quantization","https://doi.org/10.1109/tcsi.2024.3466972","green","https://pureadmin.qub.ac.uk/ws/files/626184314/DDQPUF.pdf",,"https://doi.org/10.1109/tcsi.2024.3466972","Yao Wang; Guangyang Zhang; Xue Mei; Chongyan Gu","Integrated Circuits and Semiconductor Failure Analysis","72","2","573","585"
"2024","13","A Heterogeneous RISC-V Based SoC for Secure Nano-UAV Navigation","https://doi.org/10.1109/tcsi.2024.3359044","green","https://cris.unibo.it/bitstream/11585/959822/3/SHAHEEN_TCAS_I_2023.pdf",,"https://doi.org/10.1109/tcsi.2024.3359044","Luca Valente; Alessandro Nadalini; Asif Veeran; M. Sinigaglia; Bruno Sá","CCD and CMOS Imaging Sensors","71","5","2266","2279"
"2025","13","Impacts of Physical-Layer Information on Epidemic Spreading in Cyber-Physical Networked Systems","https://doi.org/10.1109/tcsi.2025.3550386","green","https://arxiv.org/pdf/2503.06591",,"https://doi.org/10.1109/tcsi.2025.3550386","Xianglai Yuan; Yichao Yao; Han Wu; Minyu Feng","Complex Network Analysis Techniques","72","10","5957","5969"
"2024","12","Fault-Tolerant Consensus of Multi-Agent Systems Subject to Multiple Faults and Random Attacks","https://doi.org/10.1109/tcsi.2024.3351214","green","https://hull-repository.worktribe.com/preview/4572647/RJP_Paper_10.pdf",,"https://doi.org/10.1109/tcsi.2024.3351214","Chun Liu; Wanyi Wang; Bin Jiang; Ron J. Patton","Distributed systems and fault tolerance","72","9","4935","4945"
"2024","12","A Novel Online Adaptive Dynamic Programming Algorithm With Adjustable Convergence Rate","https://doi.org/10.1109/tcsi.2023.3346029","hybrid","https://doi.org/10.1109/tcsi.2023.3346029",,"https://doi.org/10.1109/tcsi.2023.3346029","Yonghua Wang; Zheliang Zhang; Yongwei Zhang; Mingming Liang; Derong Liu","Adaptive Dynamic Programming Control","71","3","1371","1384"
"2024","11","MARLIN: A Co-Design Methodology for Approximate ReconfigurabLe Inference of Neural Networks at the Edge","https://doi.org/10.1109/tcsi.2024.3365952","hybrid","https://ieeexplore.ieee.org/ielx7/8919/4358591/10449675.pdf","https://ieeexplore.ieee.org/ielx7/8919/4358591/10449675.pdf","https://doi.org/10.1109/tcsi.2024.3365952","Flavia Guella; Emanuele Valpreda; Michele Caon; Guido Masera; Maurizio Martina","Parallel Computing and Optimization Techniques","71","5","2105","2118"
"2024","10","A Single-Stage, Capacitively-Coupled Instrumentation Amplifier With Complementary Transimpedance Boosting","https://doi.org/10.1109/tcsi.2024.3391169","hybrid","https://ieeexplore.ieee.org/ielx7/8919/4358591/10535503.pdf","https://ieeexplore.ieee.org/ielx7/8919/4358591/10535503.pdf","https://doi.org/10.1109/tcsi.2024.3391169","Kian Ann Ng; Lian Zhang; Han Wu; Tao Tang; Jerald Yoo","Analog and Mixed-Signal Circuit Design","71","7","2989","3001"
"2024","9","Wideband Tunable N-Path Mixer With Calibrated Harmonic Rejection Including the 7th LO Harmonic","https://doi.org/10.1109/tcsi.2024.3414183","green","https://hal.science/hal-04633997/document",,"https://doi.org/10.1109/tcsi.2024.3414183","Sana Ibrahim; Ali Al-Shakoush; Serge Subias; Loı̈c Vincent; Manuel J. Barragán","Radio Frequency Integrated Circuit Design","71","9","3939","3950"
"2024","9","Highly Stable PUFs Based on Stacked Voltage Divider for Near-Zero BER Native Sensitivity to Voltage Variations","https://doi.org/10.1109/tcsi.2024.3432173","hybrid","https://doi.org/10.1109/tcsi.2024.3432173",,"https://doi.org/10.1109/tcsi.2024.3432173","Massimo Vatalaro; Raffaele De Rose; Vincenzo Maccaronio; Marco Lanuzza; Felice Crupi","Advancements in Semiconductor Devices and Circuit Design","72","2","521","534"
"2025","9","Event-Triggered Fully Distributed Bipartite Containment Control for Multi-Agent Systems Under DoS Attacks and External Disturbances","https://doi.org/10.1109/tcsi.2025.3534241","green",,,"https://doi.org/10.1109/tcsi.2025.3534241","Yanjun Zhao; Haibin Sun; Jun Yang; Linlin Hou; Dong Yang","Network Security and Intrusion Detection","72","10","6011","6024"
"2024","9","A Novel IPT System With Full-Range Soft-Switching Operation and Magnetic Integration Based on Dual-Decoupling Concept for Efficiency and Power Density Optimization","https://doi.org/10.1109/tcsi.2024.3387404","green","https://nottingham-repository.worktribe.com/output/34112201",,"https://doi.org/10.1109/tcsi.2024.3387404","Youzheng Wang; Hongchen Liu; Huiying Yu; Shuyu Wang; Shuo Wang","Electric Motor Design and Analysis","71","12","6229","6242"
"2024","8","C4TERO: Configurable Cascaded Carry Chains for High Reliability TERO PUFs on FPGAs","https://doi.org/10.1109/tcsi.2024.3438362","hybrid","https://doi.org/10.1109/tcsi.2024.3438362",,"https://doi.org/10.1109/tcsi.2024.3438362","Fanny Spagnolo; Massimo Vatalaro; Stefania Perri; Felice Crupi; Pasquale Corsonello","VLSI and Analog Circuit Testing","72","2","561","572"
"2024","8","Future Design Direction for SRAM Data Array: Hierarchical Subarray With Active Interconnect","https://doi.org/10.1109/tcsi.2024.3410518","green","https://lirias.kuleuven.be/retrieve/913275b5-a108-48a9-b523-7f949cafecb4",,"https://doi.org/10.1109/tcsi.2024.3410518","Hsiao-Hsuan Liu; Carlo Gilardi; Shairfe Muhammad Salahuddin; Zhenlin Pei; P. Schuddinck","VLSI and Analog Circuit Testing","71","12","6495","6506"
"2024","8","0.35-V SR-Enhanced Bulk-Driven OTA for Loads up to 10 nF","https://doi.org/10.1109/tcsi.2024.3395472","hybrid","https://ieeexplore.ieee.org/ielx7/8919/4358591/10531108.pdf","https://ieeexplore.ieee.org/ielx7/8919/4358591/10531108.pdf","https://doi.org/10.1109/tcsi.2024.3395472","Andrea Ballo; R.G. Carvajal; Alfio Dario Grasso; C. Luján‐Martínez; Salvatore Pennisi","Advanced Surface Polishing Techniques","71","12","6410","6418"
"2025","8","Modeling and Predicting Noise-Induced Failure Rates in Ultra-Low-Voltage SRAM Bitcells Affected by Process Variations","https://doi.org/10.1109/tcsi.2024.3525387","green","http://hdl.handle.net/2078.1/299513",,"https://doi.org/10.1109/tcsi.2024.3525387","Léopold Van Brandt; Michele Bonnin; Maurício Banaszeski da Silva; P. Bolcato; Gilson Wirth","Advancements in Semiconductor Devices and Circuit Design","72","3","989","1002"
"2024","8","Advanced Quantization Schemes to Increase Accuracy, Reduce Area, and Lower Power Consumption in FFT Architectures","https://doi.org/10.1109/tcsi.2024.3421348","green","https://riuma.uma.es/xmlui/bitstream/10630/32122/1/TCAS-I_earlyacces.pdf",,"https://doi.org/10.1109/tcsi.2024.3421348","Mario Garrido; Víctor Manuel Bautista; Alejandro Portas; Javier Hormigo","Image and Signal Denoising Methods","72","1","203","213"
"2024","8","De-Correlation and De-Bias Post-Processing Circuits for True Random Number Generator","https://doi.org/10.1109/tcsi.2024.3421663","hybrid","https://doi.org/10.1109/tcsi.2024.3421663",,"https://doi.org/10.1109/tcsi.2024.3421663","Ruilin Zhang; Haochen Zhang; Xingyu Wang; Ye Ziyang; Kunyang Liu","Quantum Computing Algorithms and Architecture","71","11","5187","5199"
"2024","8","A W-Band 2 × 2 Phased-Array Transmitter With Digital Gain-Compensation Technique","https://doi.org/10.1109/tcsi.2024.3352594","bronze","https://ieeexplore.ieee.org/ielx7/8919/4358591/10420498.pdf","https://ieeexplore.ieee.org/ielx7/8919/4358591/10420498.pdf","https://doi.org/10.1109/tcsi.2024.3352594","Jie Zhou; Bingzheng Yang; Yiyang Shu; Xun Luo","Radio Frequency Integrated Circuit Design","71","4","1558","1571"
"2024","7","Low-Voltage CMOS Capacitor-Less LDOs: Bulk-Driven Versus Gate-Driven Comparative Study","https://doi.org/10.1109/tcsi.2024.3440842","hybrid","https://doi.org/10.1109/tcsi.2024.3440842",,"https://doi.org/10.1109/tcsi.2024.3440842","Ó. Pereira-Rial; Juan M. Carrillo; P. López","Advancements in Semiconductor Devices and Circuit Design","71","11","5329","5338"
"2025","7","Robust Fuzzy Control of Network-Type Re-Entrant Manufacturing Systems With Communication Delays","https://doi.org/10.1109/tcsi.2025.3570294","green","https://ruj.uj.edu.pl/handle/item/553955",,"https://doi.org/10.1109/tcsi.2025.3570294","Yige Guo; Qing Gao; Maciej Ogorzałek; Jianbin Qiu; Jinhu Lü","Scheduling and Optimization Algorithms","72","11","7389","7400"
"2025","7","Over-the-Air Linearization of Phased Array Transmitters Affected by Load Modulation","https://doi.org/10.1109/tcsi.2025.3527701","hybrid","https://doi.org/10.1109/tcsi.2025.3527701",,"https://doi.org/10.1109/tcsi.2025.3527701","Joel Fernandez; Lauri Anttila; Koen Buisman; Mikko Heino; Christian Fager","PAPR reduction in OFDM","72","5","2366","2379"
"2024","7","Rectifying Network Common Items Extraction for Complex Multi-Band Rectifiers: Theory, Design, and Experimental Verification","https://doi.org/10.1109/tcsi.2024.3395269","green","https://eprints.lancs.ac.uk/id/eprint/220666/6/TCSI3395269.pdf",,"https://doi.org/10.1109/tcsi.2024.3395269","Yuchao Wang; Zebin Zhu; Shihao Sun; Cheng Zhang; Lei Wang","Energy Harvesting in Wireless Networks","71","7","3423","3435"
"2024","7","Compact Multi-Band Filter/Diplexer LNAs Using Split-Type Multi-Resonant Stages","https://doi.org/10.1109/tcsi.2024.3430376","hybrid","https://doi.org/10.1109/tcsi.2024.3430376",,"https://doi.org/10.1109/tcsi.2024.3430376","Steven Matthew Cheng; Dimitra Psychogiou","Microwave Engineering and Waveguides","71","10","4512","4523"
"2024","6","Modeling the Effect of Air-Gap Length and Number of Turns on Ferrite-Core Inductors Working up to Magnetic Saturation in a Buck Converter","https://doi.org/10.1109/tcsi.2024.3421261","hybrid","https://doi.org/10.1109/tcsi.2024.3421261",,"https://doi.org/10.1109/tcsi.2024.3421261","Alessandro Ravera; Andrea Formentini; Matteo Lodi; Alberto Oliveri; Massimiliano Passalacqua","Advanced DC-DC Converters","71","12","5400","5409"
"2024","6","N-Path Filtering and Mixing Analysis—A General Approach Based on Fourier Transform","https://doi.org/10.1109/tcsi.2024.3426297","green","https://hal.science/hal-04656898/document",,"https://doi.org/10.1109/tcsi.2024.3426297","Florence Podevin; Imadeddine Bendjeddou; Fadel Mohsen; Catalin Andrei Dobrin; Sana Ibrahim","Neural Networks and Applications","71","12","5636","5647"
"2024","6","Reconciliation of Statistical Approaches to Predicting Nonlinearity-Induced Spurs in Fractional-<i>N</i> Frequency Synthesizers","https://doi.org/10.1109/tcsi.2024.3486936","hybrid","https://doi.org/10.1109/tcsi.2024.3486936",,"https://doi.org/10.1109/tcsi.2024.3486936","Lu Xu; Michael Peter Kennedy","Advanced Control Systems Optimization","72","5","2075","2088"
"2025","6","Circular Wireless RF Systems With Recyclable and Degradable Components Based on Additively-Manufactured Liquid Metal Interconnects","https://doi.org/10.1109/tcsi.2025.3568321","green","http://eprints.gla.ac.uk/view/author/77035.html>",,"https://doi.org/10.1109/tcsi.2025.3568321","Xiaochuan Fang; Mahmoud Wagih","Green IT and Sustainability","72","11","6924","6935"
"2024","6","Exploiting Body-Driven Feedbacks in Physical Unclonable Functions for Ultra Low Voltage, Ultra Low Power Applications: A 0.3 V Weak-PUF","https://doi.org/10.1109/tcsi.2024.3396916","hybrid","https://doi.org/10.1109/tcsi.2024.3396916",,"https://doi.org/10.1109/tcsi.2024.3396916","Riccardo Della Sala; Davide Bellizia; Francesco Centurelli; Giuseppe Scotti; Alessandro Trifiletti","Physical Unclonable Functions (PUFs) and Hardware Security","72","2","483","496"
"2024","6","Multilayer Reflectionless RF Bandpass Filters With Wideband Quasi-Constant Group-Delay Responses","https://doi.org/10.1109/tcsi.2024.3401089","green","https://ebuah.uah.es/dspace/bitstream/10017/65203/3/Multilayer_Yang_IEEETransCircSysI_2024.pdf",,"https://doi.org/10.1109/tcsi.2024.3401089","Li Yang; Mohamed Malki; José‐María Muñoz‐Ferreras; Xi Zhu; Roberto Gómez‐García","Microwave Engineering and Waveguides","71","12","6433","6446"
"2024","6","Experimental Verification and Evaluation of Non-Stateful Logic Gates in Resistive RAM","https://doi.org/10.1109/tcsi.2024.3486376","hybrid","https://doi.org/10.1109/tcsi.2024.3486376",,"https://doi.org/10.1109/tcsi.2024.3486376","Leon Brackmann; Tobias Ziegler; Dirk J. Wouters; Stephan Menzel","Advanced Memory and Neural Computing","72","5","2029","2038"
"2024","5","Analysis of Back-Gate Bias Control on EVM Measurements of a Dual-Band Power Amplifier in 22 nm FD-SOI for 5G 28 and 39 GHz Applications","https://doi.org/10.1109/tcsi.2024.3487636","green","http://hdl.handle.net/2078.1/296988",,"https://doi.org/10.1109/tcsi.2024.3487636","Lucas Nyssens; Massinissa Nabet; Martin Rack; Youssef Bendou; S. Wane","Advancements in Semiconductor Devices and Circuit Design","72","2","753","762"
"2024","5","Analysis and Mitigation of Excess Phase Noise and Spurs in Digital-to-Time-Converter-Enhanced Fractional- N Frequency Synthesizers","https://doi.org/10.1109/tcsi.2024.3501998","hybrid","https://doi.org/10.1109/tcsi.2024.3501998",,"https://doi.org/10.1109/tcsi.2024.3501998","Xu Wang; Michael Peter Kennedy","Advancements in PLL and VCO Technologies","72","3","1042","1055"
"2024","5","A Low-Latency Power Series Approximate Computing and Architecture for Co-Calculation of Division and Square Root","https://doi.org/10.1109/tcsi.2024.3368102","green","http://hdl.handle.net/10017/62156",,"https://doi.org/10.1109/tcsi.2024.3368102","Dian Tian; Ningmei Yu; Minghui Xie; Jiahao Tang; Zhuang Feng","Numerical Methods and Algorithms","71","6","2723","2734"
"2024","4","High-Speed Polynomials Multiplication HW Accelerator for CRYSTALS-Kyber","https://doi.org/10.1109/tcsi.2024.3427011","green","https://eprints.whiterose.ac.uk/id/eprint/214995/7/High-Speed%20Polynomial%20Multiplication%20HW%20accelerator%20for%20CRYSTALS-Kyber%20AAM.pdf",,"https://doi.org/10.1109/tcsi.2024.3427011","Abdullah Alhassani; Mohammed Benaissa","Particle accelerators and beam dynamics","71","12","6105","6113"
"2024","4","Dynamic Vision With Single Photon Detectors: A Discrete DVS Architecture Using Asynchronous Sensor Front-Ends","https://doi.org/10.1109/tcsi.2024.3441371","green","http://hdl.handle.net/10261/402076",,"https://doi.org/10.1109/tcsi.2024.3441371","Rubén Gómez‐Merchán; Juan A. Leñero‐Bardallo; Rafael de la Rosa-Vidal; Á. Rodríguez‐Vázquez","CCD and CMOS Imaging Sensors","72","1","36","49"
"2024","4","ESSR: An 8K@30FPS Super-Resolution Accelerator With Edge Selective Network","https://doi.org/10.1109/tcsi.2024.3349581","green","https://arxiv.org/pdf/2503.20245",,"https://doi.org/10.1109/tcsi.2024.3349581","C.-Y. Hsu; Tian‐Sheuan Chang","Advanced Image Processing Techniques","71","4","1693","1705"
"2024","4","Hybrid Spatial and Temporal Computing Histogrammer in Soft Processor Core of a FPGA Device","https://doi.org/10.1109/tcsi.2024.3404034","green","https://re.public.polimi.it/bitstream/11311/1267062/1/Hybrid_Spatial_and_Temporal_Computing_Histogramer_in_Soft_Processor_Core_of_a_FPGA_Device.pdf",,"https://doi.org/10.1109/tcsi.2024.3404034","E. Ronconi; F. Garzetti; N. Lusardi; A. Costa; A. Geraci","Graph Theory and Algorithms","71","8","3683","3694"
"2024","4","FREYA: A 0.023-mm²/Channel, 20.8- μW/Channel, Event-Driven 8-Channel SoC for Spiking End-to-End Sensing of Time-Sparse Biosignals","https://doi.org/10.1109/tcsi.2024.3504264","green","https://lirias.kuleuven.be/retrieve/79271a63-05dd-497e-842c-4dac4d71a658",,"https://doi.org/10.1109/tcsi.2024.3504264","Jonah Van Assche; Charlotte Frenkel; Ali Safa; Georges Gielen","Analog and Mixed-Signal Circuit Design","72","3","1093","1104"
"2024","4","A 3.5 GS/s 1-1 MASH VCO ADC With Second-Order Noise Shaping","https://doi.org/10.1109/tcsi.2024.3450570","hybrid","https://doi.org/10.1109/tcsi.2024.3450570",,"https://doi.org/10.1109/tcsi.2024.3450570","Brendan Saux; Jonas Borgmans; Johan Raman; Pieter Rombouts","Analog and Mixed-Signal Circuit Design","72","2","694","707"
"2025","4","A Twin Circuit Theory-Based Framework for Oscillation Event Analysis in Inverter-Dominated Power Systems With Case Study for Kaua‘i System","https://doi.org/10.1109/tcsi.2024.3524251","green","https://www.osti.gov/biblio/2522748",,"https://doi.org/10.1109/tcsi.2024.3524251","Shuan Dong; Andy Hoke; Bin Wang; Lizhi Ding; Xiaonan Lu","Power System Optimization and Stability","72","9","5256","5269"
"2024","4","Ultra-Scaled E-Tree-Based SRAM Design and Optimization With Interconnect Focus","https://doi.org/10.1109/tcsi.2024.3438164","green","https://lirias.kuleuven.be/retrieve/da483df8-266d-4701-80e1-cb61866f285a",,"https://doi.org/10.1109/tcsi.2024.3438164","Zhenlin Pei; Hsiao-Hsuan Liu; Mahta Mayahinia; Mehdi B. Tahoori; Francky Catthoor","VLSI and FPGA Design Techniques","71","10","4597","4610"
"2025","3","DC-Readout of Semiconductor Spin Qubits: Opportunities and Limits","https://doi.org/10.1109/tcsi.2025.3542335","hybrid","https://doi.org/10.1109/tcsi.2025.3542335",,"https://doi.org/10.1109/tcsi.2025.3542335","Gerd Kiene; Oriol Pietx-Casas; Masoud Babaie; Lieven M. K. Vandersypen; Fabio Sebastiano","Quantum and electron transport phenomena","72","10","5457","5470"
"2025","3","Design, Implementation, and Analysis of an Integrated Switched Capacitor Analog Neuron for Edge Computing AI Accelerators","https://doi.org/10.1109/tcsi.2025.3546521","green","https://hdl.handle.net/11311/1298467",,"https://doi.org/10.1109/tcsi.2025.3546521","M. Ronchi; S. Di Giacomo; M. Amadori; G. Borghi; Marco Carminati","Advanced Memory and Neural Computing","72","8","3947","3960"
"2024","3","A Comprehensive Approach to Improving the Thermal Reliability of RTN-Based PUFs","https://doi.org/10.1109/tcsi.2024.3458057","green","http://hdl.handle.net/10261/386054",,"https://doi.org/10.1109/tcsi.2024.3458057","F. de los Santos-Prieto; F. J. Rubio-Barbero; R. Castro‐López; E. Roca; F.V. Fernández","Integrated Circuits and Semiconductor Failure Analysis","72","2","661","670"
"2024","3","A 71.2-μW Speech Recognition Accelerator With Recurrent Spiking Neural Network","https://doi.org/10.1109/tcsi.2024.3387993","green","https://arxiv.org/pdf/2503.21337",,"https://doi.org/10.1109/tcsi.2024.3387993","Chih-Chyau Yang; Tian‐Sheuan Chang","Neural Networks and Applications","71","7","3203","3213"
"2024","3","Low-Power High Precision Floating-Point Divider With Bidimensional Linear Approximation","https://doi.org/10.1109/tcsi.2024.3447830","hybrid","https://doi.org/10.1109/tcsi.2024.3447830",,"https://doi.org/10.1109/tcsi.2024.3447830","Gennaro Di Meo; A.G.M. Strollo; Davide De; Luca Tegazzini; Ettore Napoli","Numerical Methods and Algorithms","72","2","882","895"
"2024","3","Method to Determine Quantization-Related Parameters of the Digital-to-Time Converter in a Fractional-N Frequency Synthesizer","https://doi.org/10.1109/tcsi.2024.3481904","hybrid","https://doi.org/10.1109/tcsi.2024.3481904",,"https://doi.org/10.1109/tcsi.2024.3481904","Xu Wang; Michael Peter Kennedy","Sensor Technology and Measurement Systems","72","2","708","718"
"2025","3","A 77.7 dB-SNDR 625 kHz-BW First-Order Noise-Shaping SAR ADC Using a Novel VCO-Based Charge-Accumulation Integrator","https://doi.org/10.1109/tcsi.2025.3533542","hybrid","https://doi.org/10.1109/tcsi.2025.3533542",,"https://doi.org/10.1109/tcsi.2025.3533542","Shumeng Li; Yang Zhang; Xiao Wang; Xian Tang; Kong‐Pang Pun","Analog and Mixed-Signal Circuit Design","72","10","5338","5350"
"2024","3","Finite-Time Asynchronous Switching Control for Fuzzy Markov Jump Systems by Applying Polynomial Membership Functions","https://doi.org/10.1109/tcsi.2024.3448629","green","https://kclpure.kcl.ac.uk/ws/files/294506893/Finite-time_asynchronous_switching_control_for_fuzzy_Markov_jump_systems_by_applying_polynomial_membership_functions_Accepted_User_Manuscript_.pdf",,"https://doi.org/10.1109/tcsi.2024.3448629","Yinghong Zhao; Likui Wang; Xiangpeng Xie; Hak‐Keung Lam","Fuzzy Logic and Control Systems","71","12","5607","5617"
"2024","2","A High-Voltage Differential SPDT T/R Switch for Ultrasound Systems","https://doi.org/10.1109/tcsi.2024.3426558","green","https://discovery.ucl.ac.uk/10195902/1/FINAL%20VERSION%20%281%29.pdf",,"https://doi.org/10.1109/tcsi.2024.3426558","Yaohua Zhang; Dai Jiang; Andreas Demosthenous","Ultrasonics and Acoustic Wave Propagation","71","11","5129","5140"
"2025","2","Linearized Analysis and Quantization Error Minimization for Mid-Rise TDCs: A Tutorial","https://doi.org/10.1109/tcsi.2024.3524422","hybrid","https://doi.org/10.1109/tcsi.2024.3524422",,"https://doi.org/10.1109/tcsi.2024.3524422","Xu Wang; Michael Peter Kennedy","Analog and Mixed-Signal Circuit Design","72","7","2986","2997"
"2024","2","A Node-Based Polar List Decoder With Frame Interleaving and Ensemble Decoding Support","https://doi.org/10.1109/tcsi.2024.3443598","green","https://pure.tue.nl/ws/files/352405472/A_Node-Based_Polar_List_Decoder_With_Frame_Interleaving_and_Ensemble_Decoding_Support.pdf",,"https://doi.org/10.1109/tcsi.2024.3443598","Yuqing Ren; Leyu Zhang; Ludovic Damien Blanc; Yifei Shen; Xinwei Li","Error Correcting Code Techniques","71","12","5457","5470"
"2024","2","Side-Channel Analysis of Integrate-and-Fire Neurons Within Spiking Neural Networks","https://doi.org/10.1109/tcsi.2024.3470135","green","https://publica.fraunhofer.de/handle/publica/496018",,"https://doi.org/10.1109/tcsi.2024.3470135","Matthias Probst; Manuel Brosch; Georg Sigl","Advanced Memory and Neural Computing","72","2","548","560"
"2024","2","Hardware Implementation of Projection-Aggregation Decoders for Reed-Muller Codes","https://doi.org/10.1109/tcsi.2024.3508546","green","https://research.tue.nl/en/publications/23afc571-173a-4c44-9a8f-df70d6c78302",,"https://doi.org/10.1109/tcsi.2024.3508546","Marzieh Hashemipour-Nazari; Andrea Nardi-Dei; Kees Goossens; Alexios Balatsoukas‐Stimming","Error Correcting Code Techniques","72","8","4181","4194"
"2026","2","COMET: Co-Optimization of CNN Models Using Efficient-Hardware OBC Techniques","https://doi.org/10.1109/tcsi.2026.3682627","green","https://arxiv.org/pdf/2510.03516",,"https://doi.org/10.1109/tcsi.2026.3682627","Boyang Chen; Mohd Tasleem Khan; George Goussetis; Mathini Sellathurai; Yuan Ding","Neural Networks and Applications",,,"1","13"
"2024","2","Logic Neural Networks for Efficient FPGA Implementation","https://doi.org/10.1109/tcsi.2024.3488119","green","https://hdl.handle.net/10115/41542",,"https://doi.org/10.1109/tcsi.2024.3488119","Iván Ramírez; Francisco J. García-Espinosa; David Concha; Luis Alberto Aranda","Neural Networks and Applications","72","7","3390","3398"
"2024","2","ΔΣ Modulators Employing MASH DSM DAC-Based Dual Quantization","https://doi.org/10.1109/tcsi.2024.3448224","hybrid","https://doi.org/10.1109/tcsi.2024.3448224",,"https://doi.org/10.1109/tcsi.2024.3448224","Ahmed Abdelaal; Michael Pietzko; John G. Kauffman; Ankesh Jain; Maurits Ortmanns","Image and Signal Denoising Methods","72","1","71","84"
"2025","2","Spurs in Fractional-<i>N</i> Frequency Synthesizers Resulting From Resolution Mismatch Between the Divider Controller and the DTC: Manifestations, Analysis, and Mitigation","https://doi.org/10.1109/tcsi.2025.3557258","hybrid","https://doi.org/10.1109/tcsi.2025.3557258",,"https://doi.org/10.1109/tcsi.2025.3557258","Xu Wang; Michael Peter Kennedy","Advancements in PLL and VCO Technologies","72","7","2998","3011"
"2025","2","A Fully-Integrated Many-Electrodes Pulsed-Voltage Control Architecture for Arbitrary-Waveform Neural Stimulation With High Energy Efficiency","https://doi.org/10.1109/tcsi.2025.3555895","green","https://lirias.kuleuven.be/handle/20.500.12942/764392",,"https://doi.org/10.1109/tcsi.2025.3555895","Sergio Massaioli; Marco Francesco Carlino; Georges Gielen","Neuroscience and Neural Engineering","72","10","5447","5456"
"2025","2","Optimization of DTC-Based and Harmonic-Mixer-Based Fractional-N PLLs: Comparative Analysis of Jitter and Power Trade-Offs","https://doi.org/10.1109/tcsi.2025.3546983","hybrid","https://doi.org/10.1109/tcsi.2025.3546983",,"https://doi.org/10.1109/tcsi.2025.3546983","Yuyang Zhu; Masaru Osada; Haoming Zhang; Tetsuya Iizuka","Advancements in PLL and VCO Technologies","72","8","3872","3885"
"2025","2","LearnAFE: Circuit-Algorithm Co-Design Framework for Learnable Audio Analog Front-End","https://doi.org/10.1109/tcsi.2025.3578606","green","https://arxiv.org/pdf/2507.00755",,"https://doi.org/10.1109/tcsi.2025.3578606","Jinhai Hu; Zhongyi Zhang; Cong Sheng Leow; Wang Ling Goh; Yuan Gao","Speech and Audio Processing","72","12","7623","7633"
"2024","2","60-dB 70-V/ <i>μ</i> s Three-Stage Op-Amp With Dual Single-Miller Frequency Compensation in GaN-IC Technology","https://doi.org/10.1109/tcsi.2024.3503071","hybrid","https://doi.org/10.1109/tcsi.2024.3503071",,"https://doi.org/10.1109/tcsi.2024.3503071","Katia Samperi; Urmimala Chatterjee; Salvatore Pennisi","GaN-based semiconductor devices and materials","72","8","3839","3846"
"2025","2","Spiketrum: An FPGA-Based Implementation of a Neuromorphic Cochlea","https://doi.org/10.1109/tcsi.2025.3526585","green","https://pure.manchester.ac.uk/ws/files/354446929/Submitted.pdf",,"https://doi.org/10.1109/tcsi.2025.3526585","MHD Anas Alsakkal; Jayawan Wijekoon","CCD and CMOS Imaging Sensors","72","4","1648","1656"
"2024","2","Cryogenic Front-End ASICs for Low-Noise Readout of Charge Signals","https://doi.org/10.1109/tcsi.2024.3506828","green","https://www.osti.gov/biblio/2500294",,"https://doi.org/10.1109/tcsi.2024.3506828","Prashansa Mukim; G. Carini; H. Chen; G. Deptuch; S. Gao","Semiconductor Quantum Structures and Devices","72","4","1496","1509"
"2024","2","Efficient Integer-Only-Inference of Gradient Boosting Decision Trees on Low-Power Devices","https://doi.org/10.1109/tcsi.2024.3446582","hybrid","https://doi.org/10.1109/tcsi.2024.3446582",,"https://doi.org/10.1109/tcsi.2024.3446582","Majed Alsharari; Son T.; Roger Woods; Carlos Reaño","Stochastic Gradient Optimization Techniques","72","1","241","253"
"2024","2","A Power-Efficient Autonomous Current Adaptation ADC Input Driver","https://doi.org/10.1109/tcsi.2024.3395057","hybrid","https://doi.org/10.1109/tcsi.2024.3395057",,"https://doi.org/10.1109/tcsi.2024.3395057","Zu-Jia Lo; Tzu-Heng Hsu; Hsiu-Min Yang; Xiu-Zhu Li; Wei-Zhi Lai","Analog and Mixed-Signal Circuit Design","71","8","3476","3488"
"2025","2","Improving Coding Efficiency of Massive Parallel Intra Prediction Using Alternative References","https://doi.org/10.1109/tcsi.2025.3564455","hybrid","https://doi.org/10.1109/tcsi.2025.3564455",,"https://doi.org/10.1109/tcsi.2025.3564455","Iago Storch; Nuno Roma; Daniel Palomino; Sérgio Bampi","Neural Networks and Applications","72","11","7070","7083"
"2024","2","Efficient Computation for Discrete Fractional Hadamard Transform","https://doi.org/10.1109/tcsi.2024.3441834","green","https://figshare.com/articles/journal_contribution/Efficient_Computation_for_Discrete_Fractional_Hadamard_Transform/26943274",,"https://doi.org/10.1109/tcsi.2024.3441834","Zi-Chen Fan; Di Li; Susanto Rahardja","Wireless Communication Networks Research","71","10","4698","4706"
"2025","2","Enhancing Voltage Control Stability of Grid-Forming VSCs Under PWM Delays: A Study on Feedforward Damping Methods","https://doi.org/10.1109/tcsi.2024.3523196","green","https://vbn.aau.dk/ws/files/759468420/TCAS_Final.pdf",,"https://doi.org/10.1109/tcsi.2024.3523196","Shan He; Chao Gao; Zhiqing Yang; Helong Li; Lijian Ding","Microgrid Control and Optimization","72","9","5233","5246"
"2024","2","Benchmarking of Scaled Majority-Logic-Synthesized Spintronic Circuits Based on Magnetic Tunnel Junction Transducers","https://doi.org/10.1109/tcsi.2024.3420250","green","https://infoscience.epfl.ch/handle/20.500.14299/246033",,"https://doi.org/10.1109/tcsi.2024.3420250","Fanfan Meng; Siang-Yun Lee; Odysseas Zografos; Mohit Gupta; V.D. Nguyen","Magnetic properties of thin films","72","1","135","142"
"2025","2","Dynamic Nonlinear Resistance Model for a Power MOSFET in an Oscillatory RLC Circuit","https://doi.org/10.1109/tcsi.2025.3542754","green","https://researchcommons.waikato.ac.nz/bitstreams/aba22a8c-00ee-4ccd-963a-b00812888a22/download",,"https://doi.org/10.1109/tcsi.2025.3542754","Soniya Raju; D. Alistair Steyn‐Ross; Marcus T. Wilson; Nihal Kularatna","Silicon Carbide Semiconductor Technologies","72","6","2792","2803"
"2025","2","A 9.84-μW 148.9-dB Total DR Light-to-Digital Converter With Current-Integration SAR Quantizer for Multi-Wavelength PPG Applications","https://doi.org/10.1109/tcsi.2025.3564384","hybrid","https://doi.org/10.1109/tcsi.2025.3564384",,"https://doi.org/10.1109/tcsi.2025.3564384","Y. Gao; Junwen Li; Chun-Ho Fan; Ka Nang Leung; Yuan‐Ting Zhang","Photonic and Optical Devices","72","11","6886","6899"
"2025","1","Intermittent Information-Based Disturbance Observer Design and Recursive Depth Control for AUVs With Packet Losses","https://doi.org/10.1109/tcsi.2025.3568021","green",,,"https://doi.org/10.1109/tcsi.2025.3568021","Weixin Wang; Yang Yi; Qin Wang; Jun Yang; Junzhi Yu","Underwater Vehicles and Communication Systems","72","11","7346","7357"
"2024","1","Fast FPGA Prototyping to Explore and Compare New SPWM Strategies","https://doi.org/10.1109/tcsi.2023.3347447","green","http://hdl.handle.net/10396/27282",,"https://doi.org/10.1109/tcsi.2023.3347447","Sergio R. Geninatti; Manuel Ortíz-López; Francisco J. Quiles-Latorre; Tomás Morales-Leal; Andrés Gersnoviez","Electromagnetic Compatibility and Noise Suppression","71","3","1208","1221"
"2024","1","Special Transfer Section for Selective Rejecting and Amplification of Bands in Equalization","https://doi.org/10.1109/tcsi.2024.3408691","green","https://dspace.vut.cz/bitstreams/9680745d-5120-44b4-a9ef-8c52de8c533c/download",,"https://doi.org/10.1109/tcsi.2024.3408691","Roman Šotner; Marek Svoboda; Dmitrii Semenov; Ladislav Polák; Jan Jeřábek","Wireless Power Transfer Systems","71","9","3986","3998"
"2025","1","A Parallel JPEG Pleno Baseline Block-Based Profile Light Field Codec Using OpenMP","https://doi.org/10.1109/tcsi.2025.3613249","hybrid","https://doi.org/10.1109/tcsi.2025.3613249",,"https://doi.org/10.1109/tcsi.2025.3613249","André Filipe da Silva Fernandes; Ismael Seidel; Leonardo de Sousa Marques; Arthur Scarpatto Rodrigues; José Luís Güntzel","Advanced Vision and Imaging","73","3","1565","1578"
"2025","1","Proportional-Integral and Nonlinear Cubic Control to Enhance Small-Signal and Transient Stability of EV Charging Station and DC Microgrid","https://doi.org/10.1109/tcsi.2025.3552636","hybrid","https://doi.org/10.1109/tcsi.2025.3552636",,"https://doi.org/10.1109/tcsi.2025.3552636","Xinyi Zhang; Bernardo Severino; Kai Strunz","Power Systems and Renewable Energy","72","7","3669","3682"
"2024","1","Efficient Adaptive Multi-Level Privilege Partitioning With RTrustSoC","https://doi.org/10.1109/tcsi.2024.3413364","green","https://hal.science/hal-04630451v1/file/Milan_Efficient_24.pdf",,"https://doi.org/10.1109/tcsi.2024.3413364","Raphaële Milan; Lilian Bossuet; Loïc Lagadec; Carlos Andres Lara-Nino; Brice Colombier","Interconnection Networks and Systems","72","2","497","509"
"2025","1","Noise Modulation of a Bandgap Reference by Using a Single Resistor","https://doi.org/10.1109/tcsi.2025.3620105","hybrid","https://doi.org/10.1109/tcsi.2025.3620105",,"https://doi.org/10.1109/tcsi.2025.3620105","Accel Abarca; Ricardo Silva; Thiago Darós Fernandes; Rodrigo Wrege; C. N. Marques","Sensor Technology and Measurement Systems","73","3","1528","1538"
"2024","1","On the Fulfilment of the Gain and Matching Specifications in the Design of a Single-Stage High-Frequency Amplifier","https://doi.org/10.1109/tcsi.2024.3478806","hybrid","https://doi.org/10.1109/tcsi.2024.3478806",,"https://doi.org/10.1109/tcsi.2024.3478806","Antonio Serino; Walter Ciccognani; Sergio Colangeli; Patrick E. Longhi; Ernesto Limiti","Radio Frequency Integrated Circuit Design","72","5","2001","2014"
"2024","1","A Combined Analytical and Simulation-Based Methodology for Quantifying the Noise-Power-Area Trade-Offs in Biomedical Amplifiers","https://doi.org/10.1109/tcsi.2024.3414649","green","http://hdl.handle.net/2078.1/289540",,"https://doi.org/10.1109/tcsi.2024.3414649","Sylvain Favresse; David Bol; Denis Flandre","Analog and Mixed-Signal Circuit Design","71","12","6177","6189"
"2025","1","Maestro: A 302 GFLOPS/W and 19.8GFLOPS RISC-V Vector-Tensor Architecture for Wearable Ultrasound Edge Computing","https://doi.org/10.1109/tcsi.2025.3580939","green","https://ieeexplore.ieee.org/document/11053244",,"https://doi.org/10.1109/tcsi.2025.3580939","M. Sinigaglia; Amirhossein Kiamarzi; Marco Bertuletti; Luigi Ghionda; Mattia Orlandi","Energy Harvesting in Wireless Networks","72","11","6665","6678"
"2025","1","CMOS Platform for Neurochemical Detection Using 32 Graphene FETs Array at 16 kS/s per Channel","https://doi.org/10.1109/tcsi.2025.3639668","hybrid","https://doi.org/10.1109/tcsi.2025.3639668",,"https://doi.org/10.1109/tcsi.2025.3639668","Rodrigo Wrege; Mafalda Abrantes; Thiago Darós Fernandes; Miguel Borges; Helder Henrique Avelar","Graphene research and applications","73","3","1606","1618"
"2024","1","Incoming Editorial","https://doi.org/10.1109/tcsi.2023.3343530","hybrid","https://ieeexplore.ieee.org/ielx7/8919/10391078/10391080.pdf","https://ieeexplore.ieee.org/ielx7/8919/10391078/10391080.pdf","http://dx.doi.org/10.1109/tcsi.2023.3343530","José M. de la Rosa","Advanced Research in Systems and Signal Processing","71","1","1","4"
"2024","1","Table of Contents","https://doi.org/10.1109/tcsi.2024.3399457","bronze","https://ieeexplore.ieee.org/ielx7/8919/10541300/10541108.pdf","https://ieeexplore.ieee.org/ielx7/8919/10541300/10541108.pdf","https://doi.org/10.1109/tcsi.2024.3399457","","Diverse Scientific and Economic Studies","71","6","C1","C4"
"2025","1","The Impact of Distorted Signals on the Resistance of the Current Path in a Mechanical Connector","https://doi.org/10.1109/tcsi.2025.3552953","hybrid","https://doi.org/10.1109/tcsi.2025.3552953",,"https://doi.org/10.1109/tcsi.2025.3552953","Łukasz Drużyński; Grzegorz Dombek; Andrzej Książkiewicz; Krzysztof Dziarski","Electrical Contact Performance and Analysis","72","10","5970","5983"
"2025","1","EEsizer: LLM-Based AI Agent for Sizing of Analog and Mixed Signal Circuit","https://doi.org/10.1109/tcsi.2025.3646359","green","https://arxiv.org/pdf/2509.25510",,"https://doi.org/10.1109/tcsi.2025.3646359","C. Liu; Danial Chitnis","VLSI and FPGA Design Techniques","73","6","3825","3834"
"2025","1","Event-Driven Vision Sensor With In-Pixel Spatial Contrast Computation Capabilities and On-Chip AER Sequencer","https://doi.org/10.1109/tcsi.2025.3539891","hybrid","https://doi.org/10.1109/tcsi.2025.3539891",,"https://doi.org/10.1109/tcsi.2025.3539891","Rafael de la Rosa-Vidal; Juan A. Leñero‐Bardallo; Rubén Gómez‐Merchán; Á. Rodríguez‐Vázquez","CCD and CMOS Imaging Sensors","72","10","5436","5446"
"2025","1","A 0.4–0.9 V Supply Voltage-Flexible Third-Order Passive ΔΣ Modulator With Switched-Capacitor Loop Filter Achieving 71.9 dB Peak SNDR at 4 MHz Bandwidth","https://doi.org/10.1109/tcsi.2025.3536610","green","https://ris.utwente.nl/ws/files/482584366/A_0.40.9_V_Supply_Voltage-Flexible_Third-Order_Passive_Modulator_With_Switched-Capacitor_Loop_Filter_Achieving_71.9_dB_Peak_SNDR_at_4_MHz_Bandwidth.pdf",,"https://doi.org/10.1109/tcsi.2025.3536610","Jeroen Ponte; Harijot Singh Bindra; Bram Nauta","Analog and Mixed-Signal Circuit Design","72","10","5365","5377"
"2025","1","Design and Analysis of a 28 GHz Bandwidth DC Coupled Active Balun With Phase-Amplitude Compensation in 40-nm CMOS","https://doi.org/10.1109/tcsi.2025.3552956","green","https://lirias.kuleuven.be/handle/20.500.12942/765443",,"https://doi.org/10.1109/tcsi.2025.3552956","Berke Gungor; Patrick Reynaert","Radio Frequency Integrated Circuit Design","72","9","4420","4430"
"2025","1","Low-Power Vision Transformer Accelerator With Hardware-Aware Pruning and Optimized Dataflow","https://doi.org/10.1109/tcsi.2025.3585054","green","https://arxiv.org/pdf/2510.14393",,"https://doi.org/10.1109/tcsi.2025.3585054","C. S. Hsiung; Tian‐Sheuan Chang","CCD and CMOS Imaging Sensors","73","1","360","369"
"2025","1","Graph-Oriented Layout Design for Field-Coupled Nanocomputing via Parallel Multi-Objective Search Space Exploration","https://doi.org/10.1109/tcsi.2025.3614709","hybrid","https://doi.org/10.1109/tcsi.2025.3614709",,"https://doi.org/10.1109/tcsi.2025.3614709","Simon Hofmann; Marcel Walter; Robert Wille","Modular Robots and Swarm Intelligence","73","3","1579","1592"
"2024","1","A Control-Bounded Quadrature Leapfrog ADC","https://doi.org/10.1109/tcsi.2024.3366330","green","http://hdl.handle.net/10261/385794",,"https://doi.org/10.1109/tcsi.2024.3366330","Hampus Malmberg; Fredrik Feyling; José M. de la Rosa","Analog and Mixed-Signal Circuit Design","71","6","2483","2496"
"2025","1","A 4-Element Passive-Beamforming CT- ΔΣ ADC for Spatial Selectivity in Automotive Radar","https://doi.org/10.1109/tcsi.2025.3561950","green","https://pure.tue.nl/ws/files/366051389/A_4-Element_Passive-Beamforming_CT-_ADC_for_Spatial_Selectivity_in_Automotive_Radar.pdf",,"https://doi.org/10.1109/tcsi.2025.3561950","R. Schalk; Zitao Zhu; M. Neofytou; Patrick van Mourik; Qilong Liu","Analog and Mixed-Signal Circuit Design","72","9","4431","4441"
