id,venue,year,title,title_pattern,section_order,method_role,experiment_role,figure_roles,table_roles,limitation_style,conclusion_style,local_pdf,local_note
paper_01,TCAS-I,2024,Memristive Tabu Learning Neuron Generated Multi-Wing Attractor With FPGA Implementation and Application in Encryption,platform/object explicit,Abstract > Implementation > Results > Model > Design > Method > Analysis > Security > Limitations,method/workflow explanation,security evaluation,illustration ; illustration ; dataflow ; mechanism|result|ablation/control ; mechanism ; mechanism ; illustration ; system overview|architecture|workflow,setup/parameter ; setup/parameter,explicit limitations section,conclusion not detected in extracted pages,01_TCASI/pdfs/2024_TCASI_memristive_tabu_learning_neuron_generated_multi_wing_attractor_with_fpga_impleme.pdf,01_TCASI/notes/2024_TCASI_memristive_tabu_learning_neuron_generated_multi_wing_attractor_with_fpga_impleme.md
paper_02,TCAS-I,2024,"A High-Reliability, Non-CRP-Discard Arbiter PUF Based on Delay Difference Quantization",platform/object explicit,Abstract > Implementation > Model > Results > Security > Architecture > Background > Method > Related Work > Design > Analysis,architecture/design explanation,security evaluation,mechanism ; illustration ; system overview ; illustration ; mechanism ; illustration ; workflow|mechanism ; mechanism,not detected in extracted pages,implicit limitation in discussion/conclusion,conclusion not detected in extracted pages,01_TCASI/pdfs/2024_TCASI_a_high_reliability_non_crp_discard_arbiter_puf_based_on_delay_difference_quantiz.pdf,01_TCASI/notes/2024_TCASI_a_high_reliability_non_crp_discard_arbiter_puf_based_on_delay_difference_quantiz.md
paper_03,TCAS-I,2024,A Heterogeneous RISC-V Based SoC for Secure Nano-UAV Navigation,platform/object explicit,Abstract > Security > Architecture > Design > Implementation > Model,architecture/design explanation,measurement-driven evidence,system overview|architecture ; illustration ; illustration ; illustration ; architecture|dataflow|ablation/control ; workflow ; dataflow|result ; result,architecture|dataflow|result|sota comparison ; setup/parameter ; mechanism|result ; architecture,explicit limitations section,conclusion not detected in extracted pages,01_TCASI/pdfs/2024_TCASI_a_heterogeneous_risc_v_based_soc_for_secure_nano_uav_navigation.pdf,01_TCASI/notes/2024_TCASI_a_heterogeneous_risc_v_based_soc_for_secure_nano_uav_navigation.md
paper_04,TCAS-I,2024,Future Design Direction for SRAM Data Array: Hierarchical Subarray With Active Interconnect,name/acronym + descriptive subtitle,Abstract > Design > Results > Analysis > Introduction > Architecture > Model > Discussion > Conclusion > Method > Evaluation,architecture/design explanation,benchmark/SOTA comparison,architecture ; architecture ; architecture ; architecture|result|ablation/control|sota comparison ; architecture ; architecture ; architecture ; architecture|mechanism,architecture ; architecture ; setup/parameter ; architecture ; architecture,implicit limitation in discussion/conclusion,bounded-implication conclusion,01_TCASI/pdfs/2024_TCASI_future_design_direction_for_sram_data_array_hierarchical_subarray_with_active_in.pdf,01_TCASI/notes/2024_TCASI_future_design_direction_for_sram_data_array_hierarchical_subarray_with_active_in.md
paper_05,TCAS-I,2025,Modeling and Predicting Noise-Induced Failure Rates in Ultra-Low-Voltage SRAM Bitcells Affected by Process Variations,object-method title,Model > Abstract > Method > Architecture > Design > Analysis > Implementation > Conclusion,architecture/design explanation,simulation evaluation,limitation/traceability ; illustration ; illustration ; illustration ; illustration ; system overview ; illustration ; illustration,not detected in extracted pages,implicit limitation in discussion/conclusion,result-summary conclusion,01_TCASI/pdfs/2025_TCASI_modeling_and_predicting_noise_induced_failure_rates_in_ultra_low_voltage_sram_bi.pdf,01_TCASI/notes/2025_TCASI_modeling_and_predicting_noise_induced_failure_rates_in_ultra_low_voltage_sram_bi.md
paper_06,TCAS-I,2024,A Low-Latency Power Series Approximate Computing and Architecture for Co-Calculation of Division and Square Root,metric-modifier title,Abstract > Architecture > Method > Design > Conclusion > Analysis > Evaluation > Results > Implementation > Related Work,architecture/design explanation,benchmark/SOTA comparison,architecture|workflow|mechanism ; mechanism ; ablation/control ; illustration ; architecture ; result ; illustration ; illustration,setup/parameter ; result ; workflow|result|ablation/control|sota comparison ; architecture ; architecture|workflow|mechanism|result ; timing ; architecture|workflow|result ; architecture|mechanism,implicit limitation in discussion/conclusion,claim-restatement conclusion,01_TCASI/pdfs/2024_TCASI_a_low_latency_power_series_approximate_computing_and_architecture_for_co_calcula.pdf,01_TCASI/notes/2024_TCASI_a_low_latency_power_series_approximate_computing_and_architecture_for_co_calcula.md
paper_07,TCAS-I,2024,High-Speed Polynomials Multiplication HW Accelerator for CRYSTALS-Kyber,metric-modifier title|platform/object explicit,Abstract > Results > Introduction > Implementation > Method > Architecture > Security > Conclusion > Background > Design > Related Work,architecture/design explanation,security evaluation,illustration ; architecture|result ; architecture|dataflow ; architecture|mechanism|result,architecture ; setup/parameter,implicit limitation in discussion/conclusion,result-summary conclusion,01_TCASI/pdfs/2024_TCASI_high_speed_polynomials_multiplication_hw_accelerator_for_crystals_kyber.pdf,01_TCASI/notes/2024_TCASI_high_speed_polynomials_multiplication_hw_accelerator_for_crystals_kyber.md
paper_08,TCAS-I,2024,ESSR: An 8K@30FPS Super-Resolution Accelerator With Edge Selective Network,name/acronym + descriptive subtitle|numeric-performance title|platform/object explicit,Abstract > Method > Design > Model > Results > Implementation > Architecture > Analysis > Evaluation,architecture/design explanation,benchmark/SOTA comparison,result ; architecture ; illustration ; architecture ; architecture ; dataflow|ablation/control|sota comparison ; workflow|dataflow ; architecture|dataflow,workflow|dataflow|ablation/control ; workflow|result|limitation/traceability ; ablation/control|sota comparison|limitation/traceability ; setup/parameter ; result ; ablation/control|sota comparison ; ablation/control|sota comparison ; ablation/control|sota comparison,implicit limitation in discussion/conclusion,conclusion not detected in extracted pages,01_TCASI/pdfs/2024_TCASI_essr_an_8k_30fps_super_resolution_accelerator_with_edge_selective_network.pdf,01_TCASI/notes/2024_TCASI_essr_an_8k_30fps_super_resolution_accelerator_with_edge_selective_network.md
paper_09,TCAS-I,2024,Hybrid Spatial and Temporal Computing Histogrammer in Soft Processor Core of a FPGA Device,platform/object explicit,Abstract > Method > Architecture > Design > Implementation > Model,architecture/design explanation,benchmark/SOTA comparison,timing ; illustration ; workflow|timing|dataflow|mechanism ; architecture ; result ; timing ; result ; illustration,workflow|mechanism ; architecture|ablation/control|sota comparison ; setup/parameter ; setup/parameter ; setup/parameter ; setup/parameter ; setup/parameter,implicit limitation in discussion/conclusion,conclusion not detected in extracted pages,01_TCASI/pdfs/2024_TCASI_hybrid_spatial_and_temporal_computing_histogrammer_in_soft_processor_core_of_a_f.pdf,01_TCASI/notes/2024_TCASI_hybrid_spatial_and_temporal_computing_histogrammer_in_soft_processor_core_of_a_f.md
paper_10,TCAS-I,2024,"FREYA: A 0.023-mm²/Channel, 20.8- μW/Channel, Event-Driven 8-Channel SoC for Spiking End-to-End Sensing of Time-Sparse Biosignals",name/acronym + descriptive subtitle|numeric-performance title|platform/object explicit,Abstract > Results > Limitations > Model > Design > Implementation > Architecture > Method,architecture/design explanation,measurement-driven evidence,system overview|architecture ; system overview|timing|result ; timing ; architecture ; architecture ; timing ; architecture|result ; result,setup/parameter,explicit limitations section,conclusion not detected in extracted pages,01_TCASI/pdfs/2024_TCASI_freya_a_0_023_mm2_channel_20_8_w_channel_event_driven_8_channel_soc_for_spiking.pdf,01_TCASI/notes/2024_TCASI_freya_a_0_023_mm2_channel_20_8_w_channel_event_driven_8_channel_soc_for_spiking.md
paper_01,IEEE Transactions on Circuits and Systems II: Express Briefs,2023,CORDIC-Based Computation of Arcsine and Arccosine Functions on FPGA,platform/object explicit,Abstract > Background > Implementation > Method > Architecture > Results > Design > Analysis,architecture/design explanation,implementation result evaluation,workflow ; illustration ; architecture|workflow,setup/parameter ; setup/parameter ; setup/parameter,implicit limitation in discussion/conclusion,conclusion not detected in extracted pages,02_TCASII/pdfs/2023_TCASII_cordic_based_computation_of_arcsine_and_arccosine_functions_on_fpga.pdf,02_TCASII/notes/2023_TCASII_cordic_based_computation_of_arcsine_and_arccosine_functions_on_fpga.md
paper_02,IEEE Transactions on Circuits and Systems II: Express Briefs,2023,Experimental Demonstration of Non-Stateful In-Memory Logic With 1T1R OxRAM Valence Change Mechanism Memristors,numeric-performance title,Abstract > Method > Results > Implementation > Architecture > Design > Limitations,architecture/design explanation,implementation result evaluation,dataflow ; illustration ; result ; illustration,setup/parameter ; setup/parameter,explicit limitations section,conclusion not detected in extracted pages,02_TCASII/pdfs/2023_TCASII_experimental_demonstration_of_non_stateful_in_memory_logic_with_1t1r_oxram_valen.pdf,02_TCASII/notes/2023_TCASII_experimental_demonstration_of_non_stateful_in_memory_logic_with_1t1r_oxram_valen.md
paper_03,IEEE Transactions on Circuits and Systems II: Express Briefs,2023,A 380 fW Leakage Data Retention Flip-Flop for Short Sleep Periods,numeric-performance title,Abstract > Design > Background > Results,implicit or mixed method section,benchmark/SOTA comparison,result ; ablation/control|sota comparison ; architecture|ablation/control ; mechanism ; architecture|ablation/control|sota comparison ; system overview|timing ; result ; mechanism|result,setup/parameter ; architecture ; result,implicit limitation in discussion/conclusion,conclusion not detected in extracted pages,02_TCASII/pdfs/2023_TCASII_a_380_fw_leakage_data_retention_flip_flop_for_short_sleep_periods.pdf,02_TCASII/notes/2023_TCASII_a_380_fw_leakage_data_retention_flip_flop_for_short_sleep_periods.md
paper_04,IEEE Transactions on Circuits and Systems II: Express Briefs,2025,A Novel Error Metric for Evaluating the Error Correction Capability of Approximate Units,object-method title,Abstract > Method > Design > Background > Security > Analysis > Motivation > Results > Evaluation,method/workflow explanation,security evaluation,illustration ; architecture|result ; system overview|architecture|result,architecture|result ; result,implicit limitation in discussion/conclusion,conclusion not detected in extracted pages,02_TCASII/pdfs/2025_TCASII_a_novel_error_metric_for_evaluating_the_error_correction_capability_of_approxima.pdf,02_TCASII/notes/2025_TCASII_a_novel_error_metric_for_evaluating_the_error_correction_capability_of_approxima.md
paper_05,IEEE Transactions on Circuits and Systems II: Express Briefs,2024,TNNGen: Automated Design of Neuromorphic Sensory Processing Units for Time-Series Clustering,name/acronym + descriptive subtitle,Abstract > Design > Architecture > Model > Background > Implementation > Method > Evaluation > Experimental Setup > Results,architecture/design explanation,benchmark/SOTA comparison,system overview|architecture|mechanism ; illustration ; architecture ; architecture,system overview|workflow ; architecture|mechanism|result ; architecture|result|sota comparison ; result ; architecture|result|sota comparison,implicit limitation in discussion/conclusion,conclusion not detected in extracted pages,02_TCASII/pdfs/2024_TCASII_tnngen_automated_design_of_neuromorphic_sensory_processing_units_for_time_series.pdf,02_TCASII/notes/2024_TCASII_tnngen_automated_design_of_neuromorphic_sensory_processing_units_for_time_series.md
paper_06,IEEE Transactions on Circuits and Systems II: Express Briefs,2025,A Lightweight and Hardware-Efficient NTT FPGA Accelerator for FHE Applications,metric-modifier title|platform/object explicit,Abstract > Design > Architecture > Background > Results,architecture/design explanation,benchmark/SOTA comparison,architecture|mechanism ; architecture|dataflow ; illustration ; result ; workflow|dataflow|ablation/control|sota comparison,architecture|result,implicit limitation in discussion/conclusion,conclusion not detected in extracted pages,02_TCASII/pdfs/2025_TCASII_a_lightweight_and_hardware_efficient_ntt_fpga_accelerator_for_fhe_applications.pdf,02_TCASII/notes/2025_TCASII_a_lightweight_and_hardware_efficient_ntt_fpga_accelerator_for_fhe_applications.md
paper_07,IEEE Transactions on Circuits and Systems II: Express Briefs,2023,Design Automation of Analog and Mixed-Signal Circuits Using Neural Networks - A Tutorial Brief,object-method title,Design > Results > Method > Abstract > Architecture > Evaluation > Model,architecture/design explanation,simulation evaluation,architecture ; architecture ; architecture,not detected in extracted pages,implicit limitation in discussion/conclusion,conclusion not detected in extracted pages,02_TCASII/pdfs/2023_TCASII_design_automation_of_analog_and_mixed_signal_circuits_using_neural_networks_a_tu.pdf,02_TCASII/notes/2023_TCASII_design_automation_of_analog_and_mixed_signal_circuits_using_neural_networks_a_tu.md
paper_08,IEEE Transactions on Circuits and Systems II: Express Briefs,2023,XNOR-Bitcount Operation Exploiting Computing-In-Memory With STT-MRAMs,object-method title,Abstract > Analysis > Architecture > Method > Design > Results,architecture/design explanation,simulation evaluation,illustration ; result ; illustration ; result ; illustration ; dataflow ; architecture|dataflow|result,setup/parameter ; setup/parameter ; architecture|result ; result,bounded claim caveat,conclusion not detected in extracted pages,02_TCASII/pdfs/2023_TCASII_xnor_bitcount_operation_exploiting_computing_in_memory_with_stt_mrams.pdf,02_TCASII/notes/2023_TCASII_xnor_bitcount_operation_exploiting_computing_in_memory_with_stt_mrams.md
paper_09,IEEE Transactions on Circuits and Systems II: Express Briefs,2023,A Low-Complexity Sensing Scheme for Approximate Matching Content-Addressable Memory,object-method title,Abstract > Results > Design > Model > Evaluation > Background > Architecture > Experimental Setup > Method,architecture/design explanation,measurement-driven evidence,system overview|ablation/control|sota comparison ; illustration ; illustration ; illustration ; architecture|dataflow ; dataflow ; illustration ; architecture|result|ablation/control,architecture ; architecture,implicit limitation in discussion/conclusion,conclusion not detected in extracted pages,02_TCASII/pdfs/2023_TCASII_a_low_complexity_sensing_scheme_for_approximate_matching_content_addressable_mem.pdf,02_TCASII/notes/2023_TCASII_a_low_complexity_sensing_scheme_for_approximate_matching_content_addressable_mem.md
paper_10,IEEE Transactions on Circuits and Systems II: Express Briefs,2024,Efficient Low-Latency Multiplication Architecture for NIST Trinomials With RISC-V Integration,metric-modifier title|platform/object explicit,Abstract > Architecture > Conclusion > Method > Background > Implementation > Results,architecture/design explanation,implementation result evaluation,illustration ; illustration ; architecture ; architecture,result ; architecture|timing|result ; result,implicit limitation in discussion/conclusion,result-summary conclusion,02_TCASII/pdfs/2024_TCASII_efficient_low_latency_multiplication_architecture_for_nist_trinomials_with_risc.pdf,02_TCASII/notes/2024_TCASII_efficient_low_latency_multiplication_architecture_for_nist_trinomials_with_risc.md
paper_01,TVLSI,2026,ReLANCE: A Resource-Efficient Low-Latency Cortical Neural Acceleration Engine,name/acronym + descriptive subtitle|metric-modifier title,Abstract > Model > Design > Results > Implementation > Evaluation > Architecture > Analysis,architecture/design explanation,implementation result evaluation,system overview|architecture ; illustration ; result ; system overview|timing|dataflow,setup/parameter,future-work bounded limitation,conclusion not detected in extracted pages,03_TVLSI/pdfs/2026_TVLSI_relance_a_resource_efficient_low_latency_cortical_neural_acceleration_engine.pdf,03_TVLSI/notes/2026_TVLSI_relance_a_resource_efficient_low_latency_cortical_neural_acceleration_engine.md
paper_02,TVLSI,2025,Unlimited Vector Processing for Wireless Baseband Based on RISC-V Extension,platform/object explicit,Abstract > Architecture > Implementation > Conclusion > Background > Design > Limitations > Model > Future Work > Results,architecture/design explanation,benchmark/SOTA comparison,illustration ; illustration ; workflow|dataflow ; illustration ; architecture ; timing|result|ablation/control|sota comparison ; result|ablation/control|sota comparison ; result,setup/parameter ; setup/parameter ; setup/parameter,explicit limitations section,result-summary conclusion,03_TVLSI/pdfs/2025_TVLSI_unlimited_vector_processing_for_wireless_baseband_based_on_risc_v_extension.pdf,03_TVLSI/notes/2025_TVLSI_unlimited_vector_processing_for_wireless_baseband_based_on_risc_v_extension.md
paper_03,TVLSI,2025,A 66-Gb/s/5.5-W RISC-V Many-Core Cluster for 5G+ Software-Defined Radio Uplinks,numeric-performance title|platform/object explicit,Abstract > Design > Architecture > Implementation > Model > Results > Analysis,architecture/design explanation,implementation result evaluation,architecture ; architecture|result ; illustration ; illustration ; illustration ; illustration ; illustration ; illustration,result ; result ; setup/parameter ; setup/parameter,implicit limitation in discussion/conclusion,conclusion not detected in extracted pages,03_TVLSI/pdfs/2025_TVLSI_a_66_gb_s_5_5_w_risc_v_many_core_cluster_for_5g_software_defined_radio_uplinks.pdf,03_TVLSI/notes/2025_TVLSI_a_66_gb_s_5_5_w_risc_v_many_core_cluster_for_5g_software_defined_radio_uplinks.md
paper_04,TVLSI,2025,A Scalable FPGA Architecture With Adaptive Memory Utilization for GEMM-Based Operations,platform/object explicit,Architecture > Abstract > Model > Design > Limitations,architecture/design explanation,implementation result evaluation,architecture ; workflow|timing|result ; workflow|dataflow ; mechanism ; dataflow|mechanism ; architecture,architecture,explicit limitations section,conclusion not detected in extracted pages,03_TVLSI/pdfs/2025_TVLSI_a_scalable_fpga_architecture_with_adaptive_memory_utilization_for_gemm_based_ope.pdf,03_TVLSI/notes/2025_TVLSI_a_scalable_fpga_architecture_with_adaptive_memory_utilization_for_gemm_based_ope.md
paper_05,TVLSI,2025,Strassen Multisystolic Array Hardware Architectures,platform/object explicit,Abstract > Architecture > Design > Background > Implementation > Results > Model > Analysis,architecture/design explanation,implementation result evaluation,architecture|dataflow ; dataflow ; architecture ; illustration ; architecture ; illustration ; system overview|architecture|workflow ; architecture,system overview|architecture ; setup/parameter ; system overview|architecture ; system overview|architecture|result ; system overview|architecture|dataflow ; architecture ; setup/parameter ; architecture,implicit limitation in discussion/conclusion,conclusion not detected in extracted pages,03_TVLSI/pdfs/2025_TVLSI_strassen_multisystolic_array_hardware_architectures.pdf,03_TVLSI/notes/2025_TVLSI_strassen_multisystolic_array_hardware_architectures.md
paper_06,TVLSI,2025,CapsBeam: Accelerating Capsule Network-Based Beamformer for Ultrasound Nonsteered Plane-Wave Imaging on Field-Programmable Gate Array,name/acronym + descriptive subtitle,Abstract > Model > Implementation > Design > Architecture > Evaluation > Background > Method > Results > Security,architecture/design explanation,benchmark/SOTA comparison,system overview|result ; illustration ; workflow|mechanism ; architecture|mechanism|result ; architecture|ablation/control|sota comparison ; architecture|workflow ; illustration ; illustration,result ; setup/parameter ; ablation/control|sota comparison,implicit limitation in discussion/conclusion,conclusion not detected in extracted pages,03_TVLSI/pdfs/2025_TVLSI_capsbeam_accelerating_capsule_network_based_beamformer_for_ultrasound_nonsteered.pdf,03_TVLSI/notes/2025_TVLSI_capsbeam_accelerating_capsule_network_based_beamformer_for_ultrasound_nonsteered.md
paper_07,TVLSI,2024,SPEED: A Scalable RISC-V Vector Processor Enabling Efficient Multiprecision DNN Inference,name/acronym + descriptive subtitle|metric-modifier title|platform/object explicit,Abstract > Architecture > Method > Design > Limitations > Model > Results > Experimental Setup > Evaluation > Analysis,architecture/design explanation,benchmark/SOTA comparison,illustration ; architecture|timing|dataflow ; architecture|dataflow|ablation/control|sota comparison ; architecture|workflow ; workflow ; architecture ; workflow|dataflow ; illustration,dataflow|result ; result ; setup/parameter ; system overview|result,explicit limitations section,conclusion not detected in extracted pages,03_TVLSI/pdfs/2024_TVLSI_speed_a_scalable_risc_v_vector_processor_enabling_efficient_multiprecision_dnn_i.pdf,03_TVLSI/notes/2024_TVLSI_speed_a_scalable_risc_v_vector_processor_enabling_efficient_multiprecision_dnn_i.md
paper_08,TVLSI,2024,Detect and Replace: Efficient Soft Error Protection of FPGA-Based CNN Accelerators,name/acronym + descriptive subtitle|metric-modifier title|platform/object explicit,Abstract > Model > Results > Introduction > Evaluation > Architecture > Implementation > Conclusion > Analysis > Design,architecture/design explanation,implementation result evaluation,architecture ; illustration ; result ; mechanism,mechanism|result ; result,implicit limitation in discussion/conclusion,claim-restatement conclusion,03_TVLSI/pdfs/2024_TVLSI_detect_and_replace_efficient_soft_error_protection_of_fpga_based_cnn_accelerator.pdf,03_TVLSI/notes/2024_TVLSI_detect_and_replace_efficient_soft_error_protection_of_fpga_based_cnn_accelerator.md
paper_09,TVLSI,2024,High-Throughput Bilinear Pairing Processor for Server-Side FPGA Applications,metric-modifier title|platform/object explicit,Abstract > Implementation > Design > Evaluation > Architecture > Method > Preliminaries > Background > Security > Results,architecture/design explanation,security evaluation,dataflow|result ; result ; architecture ; illustration ; architecture|workflow|ablation/control ; system overview|mechanism|ablation/control ; system overview ; system overview|mechanism|result,setup/parameter ; setup/parameter ; setup/parameter ; setup/parameter ; setup/parameter,implicit limitation in discussion/conclusion,conclusion not detected in extracted pages,03_TVLSI/pdfs/2024_TVLSI_high_throughput_bilinear_pairing_processor_for_server_side_fpga_applications.pdf,03_TVLSI/notes/2024_TVLSI_high_throughput_bilinear_pairing_processor_for_server_side_fpga_applications.md
paper_10,TVLSI,2024,An Energy Efficient Soft SIMD Microarchitecture and Its Application on Quantized CNNs,metric-modifier title,Abstract > Architecture > Model > Introduction > Conclusion > Method > Background > Design > Related Work > Results > Experimental Setup > Implementation > Limitations > Evaluation,architecture/design explanation,benchmark/SOTA comparison,illustration ; architecture ; illustration ; workflow ; illustration ; illustration ; illustration ; sota comparison,architecture ; architecture|dataflow ; architecture|dataflow ; result ; setup/parameter ; architecture ; architecture|result ; result|sota comparison,explicit limitations section,result-summary conclusion,03_TVLSI/pdfs/2024_TVLSI_an_energy_efficient_soft_simd_microarchitecture_and_its_application_on_quantized.pdf,03_TVLSI/notes/2024_TVLSI_an_energy_efficient_soft_simd_microarchitecture_and_its_application_on_quantized.md
paper_01,TC,2023,Efficient Error Detection for Matrix Multiplication With Systolic Arrays on FPGAs,metric-modifier title|platform/object explicit,Future Work > Background > Model > Architecture > Related Work > Implementation > Design > Method > Analysis > Abstract > Motivation > Results,architecture/design explanation,benchmark/SOTA comparison,illustration ; mechanism ; illustration ; illustration ; illustration ; illustration ; ablation/control|sota comparison ; architecture,architecture|result|ablation/control|sota comparison ; architecture|mechanism|result ; workflow,future-work bounded limitation,conclusion not detected in extracted pages,04_TC/pdfs/2023_TC_efficient_error_detection_for_matrix_multiplication_with_systolic_arrays_on_fpga.pdf,04_TC/notes/2023_TC_efficient_error_detection_for_matrix_multiplication_with_systolic_arrays_on_fpga.md
paper_02,TC,2024,Ara2: Exploring Single- and Multi-Core Vector Processing With an Efficient RVV 1.0 Compliant Open-Source Processor,name/acronym + descriptive subtitle|numeric-performance title|metric-modifier title,Abstract > Design > Architecture > Introduction > Evaluation > Implementation > Results > Analysis > Model,architecture/design explanation,measurement-driven evidence,dataflow|ablation/control|sota comparison ; system overview|dataflow ; dataflow|result ; system overview|dataflow|result ; system overview|result ; system overview|result|ablation/control|sota comparison ; system overview|result|limitation/traceability ; architecture|result,system overview|architecture ; architecture|result|sota comparison ; architecture|result ; architecture|result,explicit limitations section,conclusion not detected in extracted pages,04_TC/pdfs/2024_TC_ara2_exploring_single_and_multi_core_vector_processing_with_an_efficient_rvv_1_0.pdf,04_TC/notes/2024_TC_ara2_exploring_single_and_multi_core_vector_processing_with_an_efficient_rvv_1_0.md
paper_03,TC,2023,DeepFire2: A Convolutional Spiking Neural Network Accelerator on FPGAs,name/acronym + descriptive subtitle|numeric-performance title|platform/object explicit,Abstract > Architecture > Limitations > Design > Implementation > Results > Model > Conclusion > Method,architecture/design explanation,benchmark/SOTA comparison,architecture|dataflow ; illustration ; dataflow ; illustration ; dataflow ; dataflow ; architecture|dataflow ; dataflow,setup/parameter ; timing ; result|sota comparison,explicit limitations section,claim-restatement conclusion,04_TC/pdfs/2023_TC_deepfire2_a_convolutional_spiking_neural_network_accelerator_on_fpgas.pdf,04_TC/notes/2023_TC_deepfire2_a_convolutional_spiking_neural_network_accelerator_on_fpgas.md
paper_04,TC,2023,Co-Design of Approximate Multilayer Perceptron for Ultra-Resource Constrained Printed Circuits,object-method title,Design > Model > Evaluation > Implementation > Architecture > Abstract > Analysis > Results > Method,architecture/design explanation,benchmark/SOTA comparison,system overview ; result ; architecture|result ; system overview|architecture|result ; result|sota comparison ; mechanism|result ; workflow|result ; architecture|result|sota comparison,setup/parameter ; result ; architecture,implicit limitation in discussion/conclusion,conclusion not detected in extracted pages,04_TC/pdfs/2023_TC_co_design_of_approximate_multilayer_perceptron_for_ultra_resource_constrained_pr.pdf,04_TC/notes/2023_TC_co_design_of_approximate_multilayer_perceptron_for_ultra_resource_constrained_pr.md
paper_05,TC,2024,Multi-Objective Hardware-Mapping Co-Optimisation for Multi-DNN Workloads on Chiplet-Based Accelerators,platform/object explicit,Abstract > Architecture > Design > Background > Model > Evaluation > Method > Results,architecture/design explanation,benchmark/SOTA comparison,architecture|timing|dataflow|mechanism|result ; system overview ; illustration ; system overview|architecture|timing|result ; timing|result ; architecture|dataflow|result|ablation/control|sota comparison ; architecture|dataflow|result|ablation/control|sota comparison ; ablation/control|sota comparison,system overview|architecture ; architecture|dataflow ; setup/parameter ; architecture ; architecture,bounded claim caveat,conclusion not detected in extracted pages,04_TC/pdfs/2024_TC_multi_objective_hardware_mapping_co_optimisation_for_multi_dnn_workloads_on_chip.pdf,04_TC/notes/2024_TC_multi_objective_hardware_mapping_co_optimisation_for_multi_dnn_workloads_on_chip.md
paper_06,TC,2024,FPGA-Accelerated Range-Limited Molecular Dynamics,platform/object explicit,Abstract > Architecture > Results > Method > Design > Background > Model > Evaluation > Discussion > Implementation,architecture/design explanation,simulation evaluation,dataflow ; illustration ; dataflow ; architecture|dataflow ; workflow|dataflow ; architecture|workflow|dataflow ; illustration ; workflow,not detected in extracted pages,implicit limitation in discussion/conclusion,conclusion not detected in extracted pages,04_TC/pdfs/2024_TC_fpga_accelerated_range_limited_molecular_dynamics.pdf,04_TC/notes/2024_TC_fpga_accelerated_range_limited_molecular_dynamics.md
paper_07,TC,2023,Fast Inner-Product Algorithms and Architectures for Deep Neural Network Accelerators,platform/object explicit,Architecture > Model > Implementation > Abstract > Background > Related Work > Results > Design > Analysis > Motivation > Discussion,architecture/design explanation,benchmark/SOTA comparison,workflow|result ; illustration ; architecture ; dataflow ; dataflow ; ablation/control,architecture|ablation/control|sota comparison ; architecture|ablation/control|sota comparison,implicit limitation in discussion/conclusion,conclusion not detected in extracted pages,04_TC/pdfs/2023_TC_fast_inner_product_algorithms_and_architectures_for_deep_neural_network_accelera.pdf,04_TC/notes/2023_TC_fast_inner_product_algorithms_and_architectures_for_deep_neural_network_accelera.md
paper_08,TC,2024,TOP: Towards Open & Predictable Heterogeneous SoCs,name/acronym + descriptive subtitle|platform/object explicit,Abstract > Analysis > Model > Method > Architecture > Design > Results > Discussion,architecture/design explanation,measurement-driven evidence,dataflow ; illustration ; architecture ; system overview|timing ; system overview ; system overview|dataflow ; system overview|workflow|dataflow|ablation/control ; illustration,not detected in extracted pages,explicit limitations section,conclusion not detected in extracted pages,04_TC/pdfs/2024_TC_top_towards_open_and_predictable_heterogeneous_socs.pdf,04_TC/notes/2024_TC_top_towards_open_and_predictable_heterogeneous_socs.md
paper_09,TC,2025,An FPGA-Based Open-Source Hardware-Software Framework for Side-Channel Security Research,platform/object explicit,Abstract > Security > Design > Results > Analysis > Architecture > Method > Implementation > Background > Experimental Setup > Model,architecture/design explanation,security evaluation,system overview|workflow ; system overview ; system overview|architecture ; system overview ; mechanism,setup/parameter ; mechanism ; mechanism ; mechanism,implicit limitation in discussion/conclusion,conclusion not detected in extracted pages,04_TC/pdfs/2025_TC_an_fpga_based_open_source_hardware_software_framework_for_side_channel_security.pdf,04_TC/notes/2025_TC_an_fpga_based_open_source_hardware_software_framework_for_side_channel_security.md
paper_10,TC,2024,SCARF: Securing Chips With a Robust Framework Against Fabrication-Time Hardware Trojans,name/acronym + descriptive subtitle|platform/object explicit,Abstract > Method > Security > Design > Model > Background > Related Work > Analysis > Motivation > Implementation > Results > Architecture > Evaluation > Conclusion,architecture/design explanation,security evaluation,system overview ; architecture ; architecture ; workflow ; illustration ; illustration ; architecture ; illustration,setup/parameter ; architecture|result ; result,implicit limitation in discussion/conclusion,result-summary conclusion,04_TC/pdfs/2024_TC_scarf_securing_chips_with_a_robust_framework_against_fabrication_time_hardware_t.pdf,04_TC/notes/2024_TC_scarf_securing_chips_with_a_robust_framework_against_fabrication_time_hardware_t.md
paper_01,TCAD,2023,A Triple-Memristor Hopfield Neural Network With Space Multistructure Attractors and Space Initial-Offset Behaviors,object-method title,Abstract > Design > Model > Conclusion > Method > Analysis > Implementation > Results,method/workflow explanation,simulation evaluation,illustration ; illustration ; mechanism ; mechanism|ablation/control ; mechanism ; illustration ; system overview|workflow ; architecture,setup/parameter ; result,implicit limitation in discussion/conclusion,claim-restatement conclusion,05_TCAD/pdfs/2023_TCAD_a_triple_memristor_hopfield_neural_network_with_space_multistructure_attractors.pdf,05_TCAD/notes/2023_TCAD_a_triple_memristor_hopfield_neural_network_with_space_multistructure_attractors.md
paper_02,TCAD,2024,Diversified Butterfly Attractors of Memristive HNN With Two Memristive Systems and Application in IoMT for Privacy Protection,object-method title,Abstract > Design > Security > Results > Model > Analysis > Method > Implementation > Evaluation,method/workflow explanation,benchmark/SOTA comparison,architecture ; illustration ; illustration ; illustration ; result ; illustration ; illustration ; illustration,system overview|architecture|result|ablation/control|sota comparison ; mechanism|result ; result|ablation/control|sota comparison,implicit limitation in discussion/conclusion,conclusion not detected in extracted pages,05_TCAD/pdfs/2024_TCAD_diversified_butterfly_attractors_of_memristive_hnn_with_two_memristive_systems_a.pdf,05_TCAD/notes/2024_TCAD_diversified_butterfly_attractors_of_memristive_hnn_with_two_memristive_systems_a.md
paper_03,TCAD,2023,"Efficient <i>N:M</i> Sparse DNN Training Using Algorithm, Architecture, and Dataflow Co-Design",name/acronym + descriptive subtitle|metric-modifier title,Abstract > Architecture > Results > Method > Design > Background > Model > Limitations > Experimental Setup > Analysis > Implementation > Discussion,architecture/design explanation,benchmark/SOTA comparison,architecture|result ; ablation/control|sota comparison ; ablation/control|sota comparison ; workflow ; architecture ; workflow|dataflow|result ; workflow|dataflow ; illustration,result ; result ; setup/parameter ; workflow|dataflow ; architecture ; architecture|ablation/control|sota comparison,explicit limitations section,conclusion not detected in extracted pages,05_TCAD/pdfs/2023_TCAD_efficient_n_m_sparse_dnn_training_using_algorithm_architecture_and_dataflow_co_d.pdf,05_TCAD/notes/2023_TCAD_efficient_n_m_sparse_dnn_training_using_algorithm_architecture_and_dataflow_co_d.md
paper_04,TCAD,2025,Spatz: Clustering Compact RISC-V-Based Vector Units to Maximize Computing Efficiency,name/acronym + descriptive subtitle|platform/object explicit,Abstract > Architecture > Implementation > Design > Results > Conclusion > Model > Analysis > Method,architecture/design explanation,measurement-driven evidence,architecture|dataflow|ablation/control ; architecture ; architecture ; architecture|result ; architecture|ablation/control ; result ; ablation/control ; illustration,setup/parameter ; result ; dataflow,implicit limitation in discussion/conclusion,result-summary conclusion,05_TCAD/pdfs/2025_TCAD_spatz_clustering_compact_risc_v_based_vector_units_to_maximize_computing_efficie.pdf,05_TCAD/notes/2025_TCAD_spatz_clustering_compact_risc_v_based_vector_units_to_maximize_computing_efficie.md
paper_05,TCAD,2023,Energy-Efficient Spintronic-Based Neuromorphic Computing System Using Current Mode Track and Termination Circuit,metric-modifier title,Abstract > Design > Method > Implementation > Introduction > Results > Model > Architecture,architecture/design explanation,benchmark/SOTA comparison,illustration ; illustration ; illustration ; illustration ; architecture ; result ; result ; mechanism|result|ablation/control|sota comparison,setup/parameter ; architecture|result|ablation/control|sota comparison ; system overview|architecture|dataflow|mechanism,implicit limitation in discussion/conclusion,conclusion not detected in extracted pages,05_TCAD/pdfs/2023_TCAD_energy_efficient_spintronic_based_neuromorphic_computing_system_using_current_mo.pdf,05_TCAD/notes/2023_TCAD_energy_efficient_spintronic_based_neuromorphic_computing_system_using_current_mo.md
paper_06,TCAD,2024,Bank on Compute-Near-Memory: Design Space Exploration of Processing-Near-Bank Architectures,name/acronym + descriptive subtitle,Abstract > Design > Architecture > Analysis > Method > Results > Model > Experimental Setup,architecture/design explanation,simulation evaluation,dataflow ; system overview|dataflow|result ; illustration ; workflow|dataflow ; architecture|dataflow ; result ; result|ablation/control ; result,dataflow ; architecture ; architecture|result,implicit limitation in discussion/conclusion,conclusion not detected in extracted pages,05_TCAD/pdfs/2024_TCAD_bank_on_compute_near_memory_design_space_exploration_of_processing_near_bank_arc.pdf,05_TCAD/notes/2024_TCAD_bank_on_compute_near_memory_design_space_exploration_of_processing_near_bank_arc.md
paper_07,TCAD,2023,CRAFT: Criticality-Aware Fault-Tolerance Enhancement Techniques for Emerging Memories-Based Deep Neural Networks,name/acronym + descriptive subtitle,Design > Abstract > Architecture > Background > Model > Method > Implementation > Experimental Setup > Results > Analysis,architecture/design explanation,implementation result evaluation,architecture ; dataflow|mechanism ; mechanism|result ; dataflow ; mechanism|result ; dataflow|result ; dataflow ; illustration,setup/parameter ; dataflow|mechanism,implicit limitation in discussion/conclusion,conclusion not detected in extracted pages,05_TCAD/pdfs/2023_TCAD_craft_criticality_aware_fault_tolerance_enhancement_techniques_for_emerging_memo.pdf,05_TCAD/notes/2023_TCAD_craft_criticality_aware_fault_tolerance_enhancement_techniques_for_emerging_memo.md
paper_08,TCAD,2025,A Highly Reliable Dual-Mode RRAM PUF With Key Concealment Scheme,metric-modifier title|platform/object explicit,Abstract > Design > Architecture > Implementation > Analysis > Model > Results > Security > Method,architecture/design explanation,measurement-driven evidence,illustration ; illustration ; illustration ; architecture ; illustration ; result ; illustration ; illustration,setup/parameter ; result ; setup/parameter ; dataflow,implicit limitation in discussion/conclusion,conclusion not detected in extracted pages,05_TCAD/pdfs/2025_TCAD_a_highly_reliable_dual_mode_rram_puf_with_key_concealment_scheme.pdf,05_TCAD/notes/2025_TCAD_a_highly_reliable_dual_mode_rram_puf_with_key_concealment_scheme.md
paper_09,TCAD,2024,When Random Is Bad: Selective CRPs for Protecting PUFs Against Modeling Attacks,name/acronym + descriptive subtitle|problem-framing title|platform/object explicit,Abstract > Model > Design > Security > Method > Implementation > Related Work > Background > Experimental Setup > Results > Evaluation > Conclusion > Analysis,method/workflow explanation,benchmark/SOTA comparison,mechanism|ablation/control|sota comparison ; illustration ; illustration ; illustration ; architecture ; result ; mechanism|result ; architecture|result,mechanism,bounded claim caveat,result-summary conclusion,05_TCAD/pdfs/2024_TCAD_when_random_is_bad_selective_crps_for_protecting_pufs_against_modeling_attacks.pdf,05_TCAD/notes/2024_TCAD_when_random_is_bad_selective_crps_for_protecting_pufs_against_modeling_attacks.md
paper_10,TCAD,2023,MAFIA: Protecting the Microarchitecture of Embedded Systems Against Fault Injection Attacks,name/acronym + descriptive subtitle,Abstract > Architecture > Security > Evaluation > Related Work > Implementation > Background > Model > Analysis > Design > Conclusion > Future Work > Results,architecture/design explanation,benchmark/SOTA comparison,system overview|architecture|mechanism|ablation/control ; workflow|dataflow|mechanism|ablation/control ; illustration ; workflow|ablation/control ; illustration ; sota comparison,workflow ; result ; result ; result,future-work bounded limitation,result-summary conclusion,05_TCAD/pdfs/2023_TCAD_mafia_protecting_the_microarchitecture_of_embedded_systems_against_fault_injecti.pdf,05_TCAD/notes/2023_TCAD_mafia_protecting_the_microarchitecture_of_embedded_systems_against_fault_injecti.md
paper_01,TCHES/CHES,2023,BASALISC: Programmable Hardware Accelerator for BGV Fully Homomorphic Encryption,name/acronym + descriptive subtitle|platform/object explicit,Abstract > Architecture > Results > Motivation > Preliminaries > Model > Security > Implementation > Design > Analysis,architecture/design explanation,security evaluation,system overview ; illustration ; workflow,setup/parameter ; setup/parameter ; dataflow ; timing|dataflow,implicit limitation in discussion/conclusion,conclusion not detected in extracted pages,06_TCHES_CHES/pdfs/2023_TCHES_CHES_basalisc_programmable_hardware_accelerator_for_bgv_fully_homomorphic_encryption.pdf,06_TCHES_CHES/notes/2023_TCHES_CHES_basalisc_programmable_hardware_accelerator_for_bgv_fully_homomorphic_encryption.md
paper_02,TCHES/CHES,2024,A Highly-efficient Lattice-based Post-Quantum Cryptography Processor for IoT Applications,metric-modifier title,Abstract > Design > Architecture > Evaluation > Implementation > Introduction > Security > Background > Method > Results,architecture/design explanation,security evaluation,architecture ; architecture ; illustration ; illustration ; illustration ; illustration ; illustration ; workflow|result,setup/parameter ; setup/parameter ; setup/parameter,implicit limitation in discussion/conclusion,conclusion not detected in extracted pages,06_TCHES_CHES/pdfs/2024_TCHES_CHES_a_highly_efficient_lattice_based_post_quantum_cryptography_processor_for_iot_app.pdf,06_TCHES_CHES/notes/2024_TCHES_CHES_a_highly_efficient_lattice_based_post_quantum_cryptography_processor_for_iot_app.md
paper_03,TCHES/CHES,2023,Pushing the Limits of Generic Side-Channel Attacks on LWE-based KEMs - Parallel PC Oracle Attacks on Kyber KEM and Beyond,object-method title,Abstract > Implementation > Analysis > Introduction > Results > Security > Design > Preliminaries > Motivation > Model,model/analysis explanation,benchmark/SOTA comparison,mechanism|ablation/control|sota comparison ; illustration ; illustration,not detected in extracted pages,implicit limitation in discussion/conclusion,conclusion not detected in extracted pages,06_TCHES_CHES/pdfs/2023_TCHES_CHES_pushing_the_limits_of_generic_side_channel_attacks_on_lwe_based_kems_parallel_pc.pdf,06_TCHES_CHES/notes/2023_TCHES_CHES_pushing_the_limits_of_generic_side_channel_attacks_on_lwe_based_kems_parallel_pc.md
paper_04,TCHES/CHES,2023,Exploiting Intermediate Value Leakage in Dilithium: A Template-Based Approach,name/acronym + descriptive subtitle,Abstract > Implementation > Design > Method > Model > Introduction > Security > Analysis > Background > Evaluation > Results,method/workflow explanation,security evaluation,illustration ; illustration,not detected in extracted pages,implicit limitation in discussion/conclusion,conclusion not detected in extracted pages,06_TCHES_CHES/pdfs/2023_TCHES_CHES_exploiting_intermediate_value_leakage_in_dilithium_a_template_based_approach.pdf,06_TCHES_CHES/notes/2023_TCHES_CHES_exploiting_intermediate_value_leakage_in_dilithium_a_template_based_approach.md
paper_05,TCHES/CHES,2024,HAETAE: Shorter Lattice-Based Fiat-Shamir Signatures,name/acronym + descriptive subtitle,Abstract > Design > Security > Implementation > Analysis > Introduction > Evaluation > Discussion > Model > Results > Future Work > Related Work > Preliminaries > Architecture,architecture/design explanation,measurement-driven evidence,illustration ; illustration ; workflow ; illustration ; workflow,setup/parameter ; ablation/control|sota comparison ; ablation/control|sota comparison,future-work bounded limitation,conclusion not detected in extracted pages,06_TCHES_CHES/pdfs/2024_TCHES_CHES_haetae_shorter_lattice_based_fiat_shamir_signatures.pdf,06_TCHES_CHES/notes/2024_TCHES_CHES_haetae_shorter_lattice_based_fiat_shamir_signatures.md
paper_06,TCHES/CHES,2023,Protecting Dilithium against Leakage,object-method title,Implementation > Security > Abstract > Analysis > Results > Introduction > Design > Evaluation > Conclusion > Background > Model > Method,method/workflow explanation,security evaluation,illustration ; illustration,setup/parameter,implicit limitation in discussion/conclusion,claim-restatement conclusion,06_TCHES_CHES/pdfs/2023_TCHES_CHES_protecting_dilithium_against_leakage.pdf,06_TCHES_CHES/notes/2023_TCHES_CHES_protecting_dilithium_against_leakage.md
paper_07,TCHES/CHES,2023,Deep Learning Side-Channel Collision Attack,object-method title,Security > Abstract > Analysis > Method > Model > Implementation > Introduction > Architecture > Related Work > Results > Preliminaries > Design > Conclusion,architecture/design explanation,security evaluation,illustration ; illustration ; illustration ; illustration,not detected in extracted pages,implicit limitation in discussion/conclusion,result-summary conclusion,06_TCHES_CHES/pdfs/2023_TCHES_CHES_deep_learning_side_channel_collision_attack.pdf,06_TCHES_CHES/notes/2023_TCHES_CHES_deep_learning_side_channel_collision_attack.md
paper_08,TCHES/CHES,2023,RDS: FPGA Routing Delay Sensors for Effective Remote Power Analysis Attacks,name/acronym + descriptive subtitle|platform/object explicit,Analysis > Abstract > Design > Evaluation > Implementation > Introduction > Method > Security > Results > Model > Related Work > Background > Architecture > Experimental Setup,architecture/design explanation,security evaluation,timing|mechanism ; mechanism ; mechanism ; mechanism ; mechanism|limitation/traceability ; system overview|architecture ; system overview ; system overview|architecture,timing|mechanism,implicit limitation in discussion/conclusion,conclusion not detected in extracted pages,06_TCHES_CHES/pdfs/2023_TCHES_CHES_rds_fpga_routing_delay_sensors_for_effective_remote_power_analysis_attacks.pdf,06_TCHES_CHES/notes/2023_TCHES_CHES_rds_fpga_routing_delay_sensors_for_effective_remote_power_analysis_attacks.md
paper_09,TCHES/CHES,2023,Fiddling the Twiddle Constants - Fault Injection Analysis of the Number Theoretic Transform,object-method title,Analysis > Abstract > Implementation > Introduction > Security > Design > Background > Conclusion > Model > Results > Motivation,model/analysis explanation,security evaluation,workflow ; mechanism|result,workflow|mechanism,implicit limitation in discussion/conclusion,result-summary conclusion,06_TCHES_CHES/pdfs/2023_TCHES_CHES_fiddling_the_twiddle_constants_fault_injection_analysis_of_the_number_theoretic.pdf,06_TCHES_CHES/notes/2023_TCHES_CHES_fiddling_the_twiddle_constants_fault_injection_analysis_of_the_number_theoretic.md
paper_10,TCHES/CHES,2023,Conditional Variational AutoEncoder based on Stochastic Attacks,object-method title,Abstract > Implementation > Results > Model > Security > Design > Architecture > Introduction > Analysis > Evaluation > Limitations > Related Work > Future Work > Preliminaries > Method,architecture/design explanation,security evaluation,system overview ; illustration ; illustration,not detected in extracted pages,explicit limitations section,conclusion not detected in extracted pages,06_TCHES_CHES/pdfs/2023_TCHES_CHES_conditional_variational_autoencoder_based_on_stochastic_attacks.pdf,06_TCHES_CHES/notes/2023_TCHES_CHES_conditional_variational_autoencoder_based_on_stochastic_attacks.md
