paper_id,title,venue,year,section_type,sentence_count,exact_sequence,collapsed_sequence,archetype_id,archetype_name,function_counts,evidence_quality
01_TCASI:paper_01,Memristive Tabu Learning Neuron Generated Multi-Wing Attractor With FPGA Implementation and Application in Encryption,TCAS-I,2024,Abstract,7,BG -> METHOD -> INTERPRET -> INTERPRET -> SETUP -> SETUP -> RESULT,BG -> METHOD -> INTERPRET -> SETUP -> RESULT,ABS_A,完整摘要链,INTERPRET=2; SETUP=2; BG=1; METHOD=1; RESULT=1,full_sequence
01_TCASI:paper_01,Memristive Tabu Learning Neuron Generated Multi-Wing Attractor With FPGA Implementation and Application in Encryption,TCAS-I,2024,Contribution,1,CONTRIB,CONTRIB,CON_A,单条贡献块,CONTRIB=1,full_sequence
01_TCASI:paper_01,Memristive Tabu Learning Neuron Generated Multi-Wing Attractor With FPGA Implementation and Application in Encryption,TCAS-I,2024,Introduction,7,RESULT -> BG -> BG -> INTERPRET -> INTERPRET -> INTERPRET -> INTERPRET,RESULT -> BG -> INTERPRET,INT_A,背景-问题-缺口-任务-贡献型,INTERPRET=4; BG=2; RESULT=1,full_sequence
01_TCASI:paper_01,Memristive Tabu Learning Neuron Generated Multi-Wing Attractor With FPGA Implementation and Application in Encryption,TCAS-I,2024,Results,1,RESULT,RESULT,RES_X,部分证据型,RESULT=1,partial/notes-derived
01_TCASI:paper_02,"A High-Reliability, Non-CRP-Discard Arbiter PUF Based on Delay Difference Quantization",TCAS-I,2024,Abstract,9,PROBLEM -> INTERPRET -> PROBLEM -> METHOD -> INTERPRET -> GAP -> INTERPRET -> PROBLEM -> RESULT,PROBLEM -> INTERPRET -> PROBLEM -> METHOD -> INTERPRET -> GAP -> INTERPRET -> PROBLEM -> RESULT,ABS_A,完整摘要链,INTERPRET=3; PROBLEM=3; GAP=1; METHOD=1; RESULT=1,full_sequence
01_TCASI:paper_02,"A High-Reliability, Non-CRP-Discard Arbiter PUF Based on Delay Difference Quantization",TCAS-I,2024,Contribution,1,CONTRIB,CONTRIB,CON_A,单条贡献块,CONTRIB=1,full_sequence
01_TCASI:paper_02,"A High-Reliability, Non-CRP-Discard Arbiter PUF Based on Delay Difference Quantization",TCAS-I,2024,Introduction,10,BG -> BG -> BG -> PROBLEM -> INTERPRET -> NEED -> GAP -> INTERPRET -> INTERPRET -> PROBLEM,BG -> PROBLEM -> INTERPRET -> NEED -> GAP -> INTERPRET -> PROBLEM,INT_C,问题缺口驱动型,BG=3; INTERPRET=3; PROBLEM=2; GAP=1; NEED=1,full_sequence
01_TCASI:paper_02,"A High-Reliability, Non-CRP-Discard Arbiter PUF Based on Delay Difference Quantization",TCAS-I,2024,Results,6,RESULT -> RESULT -> RESULT -> RESULT -> SETUP -> SETUP,RESULT -> SETUP,RES_D,短结果链型,RESULT=4; SETUP=2,full_sequence
01_TCASI:paper_03,A Heterogeneous RISC-V Based SoC for Secure Nano-UAV Navigation,TCAS-I,2024,Abstract,10,BG -> RESULT -> PROBLEM -> RESULT -> METHOD -> RESULT -> RESULT -> RESULT -> METHOD -> RESULT,BG -> RESULT -> PROBLEM -> RESULT -> METHOD -> RESULT -> METHOD -> RESULT,ABS_B,问题-方法-结果型,RESULT=6; METHOD=2; BG=1; PROBLEM=1,full_sequence
01_TCASI:paper_03,A Heterogeneous RISC-V Based SoC for Secure Nano-UAV Navigation,TCAS-I,2024,Contribution,1,CONTRIB,CONTRIB,CON_A,单条贡献块,CONTRIB=1,full_sequence
01_TCASI:paper_03,A Heterogeneous RISC-V Based SoC for Secure Nano-UAV Navigation,TCAS-I,2024,Introduction,12,BG -> BG -> BG -> PROBLEM -> INTERPRET -> INTERPRET -> INTERPRET -> RESULT -> RESULT -> RESULT -> INTERPRET -> INTERPRET,BG -> PROBLEM -> INTERPRET -> RESULT -> INTERPRET,INT_A,背景-问题-缺口-任务-贡献型,INTERPRET=5; BG=3; RESULT=3; PROBLEM=1,full_sequence
01_TCASI:paper_03,A Heterogeneous RISC-V Based SoC for Secure Nano-UAV Navigation,TCAS-I,2024,Results,7,RESULT -> RESULT -> RESULT -> GAP -> RESULT -> RESULT -> RESULT,RESULT -> GAP -> RESULT,RES_D,短结果链型,RESULT=6; GAP=1,full_sequence
01_TCASI:paper_04,Future Design Direction for SRAM Data Array: Hierarchical Subarray With Active Interconnect,TCAS-I,2024,Abstract,9,RESULT -> PROBLEM -> NEED -> INTERPRET -> PROBLEM -> PROBLEM -> INTERPRET -> RESULT -> RESULT,RESULT -> PROBLEM -> NEED -> INTERPRET -> PROBLEM -> INTERPRET -> RESULT,ABS_E,压缩/非典型型,PROBLEM=3; RESULT=3; INTERPRET=2; NEED=1,full_sequence
01_TCASI:paper_04,Future Design Direction for SRAM Data Array: Hierarchical Subarray With Active Interconnect,TCAS-I,2024,Contribution,1,CONTRIB,CONTRIB,CON_A,单条贡献块,CONTRIB=1,full_sequence
01_TCASI:paper_04,Future Design Direction for SRAM Data Array: Hierarchical Subarray With Active Interconnect,TCAS-I,2024,Introduction,11,PROBLEM -> BG -> BG -> PROBLEM -> INTERPRET -> INTERPRET -> INTERPRET -> INTERPRET -> RESULT -> INTERPRET -> PROBLEM,PROBLEM -> BG -> PROBLEM -> INTERPRET -> RESULT -> INTERPRET -> PROBLEM,INT_A,背景-问题-缺口-任务-贡献型,INTERPRET=5; PROBLEM=3; BG=2; RESULT=1,full_sequence
01_TCASI:paper_04,Future Design Direction for SRAM Data Array: Hierarchical Subarray With Active Interconnect,TCAS-I,2024,Results,1,RESULT,RESULT,RES_X,部分证据型,RESULT=1,partial/notes-derived
01_TCASI:paper_05,Modeling and Predicting Noise-Induced Failure Rates in Ultra-Low-Voltage SRAM Bitcells Affected by Process Variations,TCAS-I,2025,Abstract,10,BG -> PROBLEM -> METHOD -> INTERPRET -> INTERPRET -> PROBLEM -> PROBLEM -> INTERPRET -> INTERPRET -> PROBLEM,BG -> PROBLEM -> METHOD -> INTERPRET -> PROBLEM -> INTERPRET -> PROBLEM,ABS_E,压缩/非典型型,INTERPRET=4; PROBLEM=4; BG=1; METHOD=1,full_sequence
01_TCASI:paper_05,Modeling and Predicting Noise-Induced Failure Rates in Ultra-Low-Voltage SRAM Bitcells Affected by Process Variations,TCAS-I,2025,Contribution,1,CONTRIB,CONTRIB,CON_A,单条贡献块,CONTRIB=1,full_sequence
01_TCASI:paper_05,Modeling and Predicting Noise-Induced Failure Rates in Ultra-Low-Voltage SRAM Bitcells Affected by Process Variations,TCAS-I,2025,Introduction,8,BG -> BG -> BG -> METHOD -> INTERPRET -> INTERPRET -> INTERPRET -> INTERPRET,BG -> METHOD -> INTERPRET,INT_A,背景-问题-缺口-任务-贡献型,INTERPRET=4; BG=3; METHOD=1,full_sequence
01_TCASI:paper_05,Modeling and Predicting Noise-Induced Failure Rates in Ultra-Low-Voltage SRAM Bitcells Affected by Process Variations,TCAS-I,2025,Results,1,RESULT,RESULT,RES_X,部分证据型,RESULT=1,partial/notes-derived
01_TCASI:paper_06,A Low-Latency Power Series Approximate Computing and Architecture for Co-Calculation of Division and Square Root,TCAS-I,2024,Abstract,8,BG -> INTERPRET -> RESULT -> INTERPRET -> RESULT -> RESULT -> RESULT -> BOUNDARY,BG -> INTERPRET -> RESULT -> INTERPRET -> RESULT -> BOUNDARY,ABS_D,结果密集型,RESULT=4; INTERPRET=2; BG=1; BOUNDARY=1,full_sequence
01_TCASI:paper_06,A Low-Latency Power Series Approximate Computing and Architecture for Co-Calculation of Division and Square Root,TCAS-I,2024,Contribution,1,CONTRIB,CONTRIB,CON_A,单条贡献块,CONTRIB=1,full_sequence
01_TCASI:paper_06,A Low-Latency Power Series Approximate Computing and Architecture for Co-Calculation of Division and Square Root,TCAS-I,2024,Introduction,10,BG -> BG -> NEED -> INTERPRET -> INTERPRET -> INTERPRET -> RESULT -> INTERPRET -> INTERPRET -> INTERPRET,BG -> NEED -> INTERPRET -> RESULT -> INTERPRET,INT_A,背景-问题-缺口-任务-贡献型,INTERPRET=6; BG=2; NEED=1; RESULT=1,full_sequence
01_TCASI:paper_06,A Low-Latency Power Series Approximate Computing and Architecture for Co-Calculation of Division and Square Root,TCAS-I,2024,Results,9,SETUP -> RESULT -> RESULT -> SETUP -> RESULT -> RESULT -> RESULT -> RESULT -> RESULT,SETUP -> RESULT -> SETUP -> RESULT,RES_A,设置-多结果-解释型,RESULT=7; SETUP=2,full_sequence
01_TCASI:paper_07,High-Speed Polynomials Multiplication HW Accelerator for CRYSTALS-Kyber,TCAS-I,2024,Abstract,6,BG -> METHOD -> INTERPRET -> METHOD -> SETUP -> RESULT,BG -> METHOD -> INTERPRET -> METHOD -> SETUP -> RESULT,ABS_A,完整摘要链,METHOD=2; BG=1; INTERPRET=1; RESULT=1; SETUP=1,full_sequence
01_TCASI:paper_07,High-Speed Polynomials Multiplication HW Accelerator for CRYSTALS-Kyber,TCAS-I,2024,Contribution,1,CONTRIB,CONTRIB,CON_A,单条贡献块,CONTRIB=1,full_sequence
01_TCASI:paper_07,High-Speed Polynomials Multiplication HW Accelerator for CRYSTALS-Kyber,TCAS-I,2024,Introduction,10,BG -> BG -> INTERPRET -> PROBLEM -> INTERPRET -> SETUP -> INTERPRET -> INTERPRET -> INTERPRET -> RESULT,BG -> INTERPRET -> PROBLEM -> INTERPRET -> SETUP -> INTERPRET -> RESULT,INT_A,背景-问题-缺口-任务-贡献型,INTERPRET=5; BG=2; PROBLEM=1; RESULT=1; SETUP=1,full_sequence
01_TCASI:paper_07,High-Speed Polynomials Multiplication HW Accelerator for CRYSTALS-Kyber,TCAS-I,2024,Results,9,ORG -> RESULT -> RESULT -> SETUP -> RESULT -> SETUP -> NEED -> SETUP -> RESULT,ORG -> RESULT -> SETUP -> RESULT -> SETUP -> NEED -> SETUP -> RESULT,RES_B,结构化实验段型,RESULT=4; SETUP=3; NEED=1; ORG=1,full_sequence
01_TCASI:paper_08,ESSR: An 8K@30FPS Super-Resolution Accelerator With Edge Selective Network,TCAS-I,2024,Abstract,5,BG -> RESULT -> INTERPRET -> RESULT -> RESULT,BG -> RESULT -> INTERPRET -> RESULT,ABS_D,结果密集型,RESULT=3; BG=1; INTERPRET=1,full_sequence
01_TCASI:paper_08,ESSR: An 8K@30FPS Super-Resolution Accelerator With Edge Selective Network,TCAS-I,2024,Contribution,1,CONTRIB,CONTRIB,CON_A,单条贡献块,CONTRIB=1,full_sequence
01_TCASI:paper_08,ESSR: An 8K@30FPS Super-Resolution Accelerator With Edge Selective Network,TCAS-I,2024,Introduction,9,BG -> BG -> PROBLEM -> INTERPRET -> INTERPRET -> GAP -> INTERPRET -> INTERPRET -> INTERPRET,BG -> PROBLEM -> INTERPRET -> GAP -> INTERPRET,INT_C,问题缺口驱动型,INTERPRET=5; BG=2; GAP=1; PROBLEM=1,full_sequence
01_TCASI:paper_08,ESSR: An 8K@30FPS Super-Resolution Accelerator With Edge Selective Network,TCAS-I,2024,Results,10,RESULT -> SETUP -> RESULT -> RESULT -> SETUP -> RESULT -> RESULT -> RESULT -> RESULT -> RESULT,RESULT -> SETUP -> RESULT -> SETUP -> RESULT,RES_A,设置-多结果-解释型,RESULT=8; SETUP=2,full_sequence
01_TCASI:paper_09,Hybrid Spatial and Temporal Computing Histogrammer in Soft Processor Core of a FPGA Device,TCAS-I,2024,Abstract,7,BG -> INTERPRET -> INTERPRET -> SETUP -> NEED -> RESULT -> RESULT,BG -> INTERPRET -> SETUP -> NEED -> RESULT,ABS_A,完整摘要链,INTERPRET=2; RESULT=2; BG=1; NEED=1; SETUP=1,full_sequence
01_TCASI:paper_09,Hybrid Spatial and Temporal Computing Histogrammer in Soft Processor Core of a FPGA Device,TCAS-I,2024,Contribution,1,CONTRIB,CONTRIB,CON_A,单条贡献块,CONTRIB=1,full_sequence
01_TCASI:paper_09,Hybrid Spatial and Temporal Computing Histogrammer in Soft Processor Core of a FPGA Device,TCAS-I,2024,Introduction,10,BG -> BG -> BG -> METHOD -> METHOD -> INTERPRET -> INTERPRET -> INTERPRET -> INTERPRET -> INTERPRET,BG -> METHOD -> INTERPRET,INT_A,背景-问题-缺口-任务-贡献型,INTERPRET=5; BG=3; METHOD=2,full_sequence
01_TCASI:paper_09,Hybrid Spatial and Temporal Computing Histogrammer in Soft Processor Core of a FPGA Device,TCAS-I,2024,Results,1,RESULT,RESULT,RES_X,部分证据型,RESULT=1,partial/notes-derived
01_TCASI:paper_10,"FREYA: A 0.023-mm²/Channel, 20.8- μW/Channel, Event-Driven 8-Channel SoC for Spiking End-to-End Sensing of Time-Sparse Biosignals",TCAS-I,2024,Abstract,9,BG -> RESULT -> INTERPRET -> GAP -> METHOD -> RESULT -> RESULT -> RESULT -> NEED,BG -> RESULT -> INTERPRET -> GAP -> METHOD -> RESULT -> NEED,ABS_A,完整摘要链,RESULT=4; BG=1; GAP=1; INTERPRET=1; METHOD=1; NEED=1,full_sequence
01_TCASI:paper_10,"FREYA: A 0.023-mm²/Channel, 20.8- μW/Channel, Event-Driven 8-Channel SoC for Spiking End-to-End Sensing of Time-Sparse Biosignals",TCAS-I,2024,Contribution,1,CONTRIB,CONTRIB,CON_A,单条贡献块,CONTRIB=1,full_sequence
01_TCASI:paper_10,"FREYA: A 0.023-mm²/Channel, 20.8- μW/Channel, Event-Driven 8-Channel SoC for Spiking End-to-End Sensing of Time-Sparse Biosignals",TCAS-I,2024,Introduction,9,BG -> BG -> INTERPRET -> INTERPRET -> INTERPRET -> INTERPRET -> INTERPRET -> INTERPRET -> INTERPRET,BG -> INTERPRET,INT_B,背景解释型,INTERPRET=7; BG=2,full_sequence
01_TCASI:paper_10,"FREYA: A 0.023-mm²/Channel, 20.8- μW/Channel, Event-Driven 8-Channel SoC for Spiking End-to-End Sensing of Time-Sparse Biosignals",TCAS-I,2024,Results,10,RESULT -> RESULT -> RESULT -> RESULT -> RESULT -> RESULT -> RESULT -> RESULT -> RESULT -> RESULT,RESULT,RES_C,结果密集型,RESULT=10,full_sequence
02_TCASII:paper_01,CORDIC-Based Computation of Arcsine and Arccosine Functions on FPGA,TCAS-II,2023,Abstract,10,METHOD -> INTERPRET -> INTERPRET -> SETUP -> RESULT -> INTERPRET -> INTERPRET -> RESULT -> INTERPRET -> RESULT,METHOD -> INTERPRET -> SETUP -> RESULT -> INTERPRET -> RESULT -> INTERPRET -> RESULT,ABS_C,方法-验证-结果型,INTERPRET=5; RESULT=3; METHOD=1; SETUP=1,full_sequence
02_TCASII:paper_01,CORDIC-Based Computation of Arcsine and Arccosine Functions on FPGA,TCAS-II,2023,Contribution,1,CONTRIB,CONTRIB,CON_A,单条贡献块,CONTRIB=1,full_sequence
02_TCASII:paper_01,CORDIC-Based Computation of Arcsine and Arccosine Functions on FPGA,TCAS-II,2023,Introduction,1,GAP,GAP,INT_X,部分证据型,GAP=1,partial/notes-derived
02_TCASII:paper_01,CORDIC-Based Computation of Arcsine and Arccosine Functions on FPGA,TCAS-II,2023,Results,1,RESULT,RESULT,RES_X,部分证据型,RESULT=1,partial/notes-derived
02_TCASII:paper_02,Experimental Demonstration of Non-Stateful In-Memory Logic With 1T1R OxRAM Valence Change Mechanism Memristors,TCAS-II,2023,Abstract,10,NEED -> INTERPRET -> INTERPRET -> RESULT -> METHOD -> RESULT -> INTERPRET -> RESULT -> RESULT -> RESULT,NEED -> INTERPRET -> RESULT -> METHOD -> RESULT -> INTERPRET -> RESULT,ABS_C,方法-验证-结果型,RESULT=5; INTERPRET=3; METHOD=1; NEED=1,full_sequence
02_TCASII:paper_02,Experimental Demonstration of Non-Stateful In-Memory Logic With 1T1R OxRAM Valence Change Mechanism Memristors,TCAS-II,2023,Contribution,1,CONTRIB,CONTRIB,CON_A,单条贡献块,CONTRIB=1,full_sequence
02_TCASII:paper_02,Experimental Demonstration of Non-Stateful In-Memory Logic With 1T1R OxRAM Valence Change Mechanism Memristors,TCAS-II,2023,Introduction,1,GAP,GAP,INT_X,部分证据型,GAP=1,partial/notes-derived
02_TCASII:paper_02,Experimental Demonstration of Non-Stateful In-Memory Logic With 1T1R OxRAM Valence Change Mechanism Memristors,TCAS-II,2023,Results,1,RESULT,RESULT,RES_X,部分证据型,RESULT=1,partial/notes-derived
02_TCASII:paper_03,A 380 fW Leakage Data Retention Flip-Flop for Short Sleep Periods,TCAS-II,2023,Abstract,10,BG -> RESULT -> RESULT -> RESULT -> RESULT -> PROBLEM -> RESULT -> RESULT -> INTERPRET -> GAP,BG -> RESULT -> PROBLEM -> RESULT -> INTERPRET -> GAP,ABS_D,结果密集型,RESULT=6; BG=1; GAP=1; INTERPRET=1; PROBLEM=1,full_sequence
02_TCASII:paper_03,A 380 fW Leakage Data Retention Flip-Flop for Short Sleep Periods,TCAS-II,2023,Contribution,1,CONTRIB,CONTRIB,CON_A,单条贡献块,CONTRIB=1,full_sequence
02_TCASII:paper_03,A 380 fW Leakage Data Retention Flip-Flop for Short Sleep Periods,TCAS-II,2023,Introduction,1,GAP,GAP,INT_X,部分证据型,GAP=1,partial/notes-derived
02_TCASII:paper_03,A 380 fW Leakage Data Retention Flip-Flop for Short Sleep Periods,TCAS-II,2023,Results,1,RESULT,RESULT,RES_X,部分证据型,RESULT=1,partial/notes-derived
02_TCASII:paper_04,A Novel Error Metric for Evaluating the Error Correction Capability of Approximate Units,TCAS-II,2025,Abstract,10,RESULT -> INTERPRET -> NEED -> RESULT -> METHOD -> INTERPRET -> RESULT -> INTERPRET -> RESULT -> RESULT,RESULT -> INTERPRET -> NEED -> RESULT -> METHOD -> INTERPRET -> RESULT -> INTERPRET -> RESULT,ABS_C,方法-验证-结果型,RESULT=5; INTERPRET=3; METHOD=1; NEED=1,full_sequence
02_TCASII:paper_04,A Novel Error Metric for Evaluating the Error Correction Capability of Approximate Units,TCAS-II,2025,Contribution,1,CONTRIB,CONTRIB,CON_A,单条贡献块,CONTRIB=1,full_sequence
02_TCASII:paper_04,A Novel Error Metric for Evaluating the Error Correction Capability of Approximate Units,TCAS-II,2025,Introduction,1,GAP,GAP,INT_X,部分证据型,GAP=1,partial/notes-derived
02_TCASII:paper_04,A Novel Error Metric for Evaluating the Error Correction Capability of Approximate Units,TCAS-II,2025,Results,1,RESULT,RESULT,RES_X,部分证据型,RESULT=1,partial/notes-derived
02_TCASII:paper_05,TNNGen: Automated Design of Neuromorphic Sensory Processing Units for Time-Series Clustering,TCAS-II,2024,Abstract,10,BG -> INTERPRET -> INTERPRET -> SETUP -> METHOD -> INTERPRET -> RESULT -> INTERPRET -> RESULT -> PROBLEM,BG -> INTERPRET -> SETUP -> METHOD -> INTERPRET -> RESULT -> INTERPRET -> RESULT -> PROBLEM,ABS_A,完整摘要链,INTERPRET=4; RESULT=2; BG=1; METHOD=1; PROBLEM=1; SETUP=1,full_sequence
02_TCASII:paper_05,TNNGen: Automated Design of Neuromorphic Sensory Processing Units for Time-Series Clustering,TCAS-II,2024,Contribution,1,CONTRIB,CONTRIB,CON_A,单条贡献块,CONTRIB=1,full_sequence
02_TCASII:paper_05,TNNGen: Automated Design of Neuromorphic Sensory Processing Units for Time-Series Clustering,TCAS-II,2024,Introduction,1,GAP,GAP,INT_X,部分证据型,GAP=1,partial/notes-derived
02_TCASII:paper_05,TNNGen: Automated Design of Neuromorphic Sensory Processing Units for Time-Series Clustering,TCAS-II,2024,Results,1,RESULT,RESULT,RES_X,部分证据型,RESULT=1,partial/notes-derived
02_TCASII:paper_06,A Lightweight and Hardware-Efficient NTT FPGA Accelerator for FHE Applications,TCAS-II,2025,Abstract,10,BG -> METHOD -> RESULT -> RESULT -> INTERPRET -> RESULT -> PROBLEM -> RESULT -> INTERPRET -> RESULT,BG -> METHOD -> RESULT -> INTERPRET -> RESULT -> PROBLEM -> RESULT -> INTERPRET -> RESULT,ABS_A,完整摘要链,RESULT=5; INTERPRET=2; BG=1; METHOD=1; PROBLEM=1,full_sequence
02_TCASII:paper_06,A Lightweight and Hardware-Efficient NTT FPGA Accelerator for FHE Applications,TCAS-II,2025,Contribution,1,CONTRIB,CONTRIB,CON_A,单条贡献块,CONTRIB=1,full_sequence
02_TCASII:paper_06,A Lightweight and Hardware-Efficient NTT FPGA Accelerator for FHE Applications,TCAS-II,2025,Introduction,1,GAP,GAP,INT_X,部分证据型,GAP=1,partial/notes-derived
02_TCASII:paper_06,A Lightweight and Hardware-Efficient NTT FPGA Accelerator for FHE Applications,TCAS-II,2025,Results,1,RESULT,RESULT,RES_X,部分证据型,RESULT=1,partial/notes-derived
02_TCASII:paper_07,Design Automation of Analog and Mixed-Signal Circuits Using Neural Networks - A Tutorial Brief,TCAS-II,2023,Abstract,10,BG -> INTERPRET -> SETUP -> INTERPRET -> INTERPRET -> INTERPRET -> INTERPRET -> INTERPRET -> INTERPRET -> SETUP,BG -> INTERPRET -> SETUP -> INTERPRET -> SETUP,ABS_E,压缩/非典型型,INTERPRET=7; SETUP=2; BG=1,full_sequence
02_TCASII:paper_07,Design Automation of Analog and Mixed-Signal Circuits Using Neural Networks - A Tutorial Brief,TCAS-II,2023,Contribution,1,CONTRIB,CONTRIB,CON_A,单条贡献块,CONTRIB=1,full_sequence
02_TCASII:paper_07,Design Automation of Analog and Mixed-Signal Circuits Using Neural Networks - A Tutorial Brief,TCAS-II,2023,Introduction,1,GAP,GAP,INT_X,部分证据型,GAP=1,partial/notes-derived
02_TCASII:paper_07,Design Automation of Analog and Mixed-Signal Circuits Using Neural Networks - A Tutorial Brief,TCAS-II,2023,Results,1,RESULT,RESULT,RES_X,部分证据型,RESULT=1,partial/notes-derived
02_TCASII:paper_08,XNOR-Bitcount Operation Exploiting Computing-In-Memory With STT-MRAMs,TCAS-II,2023,Abstract,10,BG -> INTERPRET -> RESULT -> RESULT -> INTERPRET -> RESULT -> PROBLEM -> RESULT -> INTERPRET -> RESULT,BG -> INTERPRET -> RESULT -> INTERPRET -> RESULT -> PROBLEM -> RESULT -> INTERPRET -> RESULT,ABS_D,结果密集型,RESULT=5; INTERPRET=3; BG=1; PROBLEM=1,full_sequence
02_TCASII:paper_08,XNOR-Bitcount Operation Exploiting Computing-In-Memory With STT-MRAMs,TCAS-II,2023,Contribution,1,CONTRIB,CONTRIB,CON_A,单条贡献块,CONTRIB=1,full_sequence
02_TCASII:paper_08,XNOR-Bitcount Operation Exploiting Computing-In-Memory With STT-MRAMs,TCAS-II,2023,Introduction,1,GAP,GAP,INT_X,部分证据型,GAP=1,partial/notes-derived
02_TCASII:paper_08,XNOR-Bitcount Operation Exploiting Computing-In-Memory With STT-MRAMs,TCAS-II,2023,Results,1,RESULT,RESULT,RES_X,部分证据型,RESULT=1,partial/notes-derived
02_TCASII:paper_09,A Low-Complexity Sensing Scheme for Approximate Matching Content-Addressable Memory,TCAS-II,2023,Abstract,10,BG -> INTERPRET -> RESULT -> RESULT -> RESULT -> RESULT -> RESULT -> RESULT -> RESULT -> RESULT,BG -> INTERPRET -> RESULT,ABS_D,结果密集型,RESULT=8; BG=1; INTERPRET=1,full_sequence
02_TCASII:paper_09,A Low-Complexity Sensing Scheme for Approximate Matching Content-Addressable Memory,TCAS-II,2023,Contribution,1,CONTRIB,CONTRIB,CON_A,单条贡献块,CONTRIB=1,full_sequence
02_TCASII:paper_09,A Low-Complexity Sensing Scheme for Approximate Matching Content-Addressable Memory,TCAS-II,2023,Introduction,1,GAP,GAP,INT_X,部分证据型,GAP=1,partial/notes-derived
02_TCASII:paper_09,A Low-Complexity Sensing Scheme for Approximate Matching Content-Addressable Memory,TCAS-II,2023,Results,1,RESULT,RESULT,RES_X,部分证据型,RESULT=1,partial/notes-derived
02_TCASII:paper_10,Efficient Low-Latency Multiplication Architecture for NIST Trinomials With RISC-V Integration,TCAS-II,2024,Abstract,9,BG -> INTERPRET -> NEED -> METHOD -> RESULT -> RESULT -> INTERPRET -> RESULT -> RESULT,BG -> INTERPRET -> NEED -> METHOD -> RESULT -> INTERPRET -> RESULT,ABS_A,完整摘要链,RESULT=4; INTERPRET=2; BG=1; METHOD=1; NEED=1,full_sequence
02_TCASII:paper_10,Efficient Low-Latency Multiplication Architecture for NIST Trinomials With RISC-V Integration,TCAS-II,2024,Contribution,1,CONTRIB,CONTRIB,CON_A,单条贡献块,CONTRIB=1,full_sequence
02_TCASII:paper_10,Efficient Low-Latency Multiplication Architecture for NIST Trinomials With RISC-V Integration,TCAS-II,2024,Introduction,1,GAP,GAP,INT_X,部分证据型,GAP=1,partial/notes-derived
02_TCASII:paper_10,Efficient Low-Latency Multiplication Architecture for NIST Trinomials With RISC-V Integration,TCAS-II,2024,Results,1,RESULT,RESULT,RES_X,部分证据型,RESULT=1,partial/notes-derived
03_TVLSI:paper_01,ReLANCE: A Resource-Efficient Low-Latency Cortical Neural Acceleration Engine,TVLSI,2026,Abstract,10,METHOD -> RESULT -> METHOD -> RESULT -> RESULT -> RESULT -> RESULT -> RESULT -> INTERPRET -> SETUP,METHOD -> RESULT -> METHOD -> RESULT -> INTERPRET -> SETUP,ABS_C,方法-验证-结果型,RESULT=6; METHOD=2; INTERPRET=1; SETUP=1,full_sequence
03_TVLSI:paper_01,ReLANCE: A Resource-Efficient Low-Latency Cortical Neural Acceleration Engine,TVLSI,2026,Contribution,1,CONTRIB,CONTRIB,CON_A,单条贡献块,CONTRIB=1,full_sequence
03_TVLSI:paper_01,ReLANCE: A Resource-Efficient Low-Latency Cortical Neural Acceleration Engine,TVLSI,2026,Introduction,1,GAP,GAP,INT_X,部分证据型,GAP=1,partial/notes-derived
03_TVLSI:paper_01,ReLANCE: A Resource-Efficient Low-Latency Cortical Neural Acceleration Engine,TVLSI,2026,Results,1,RESULT,RESULT,RES_X,部分证据型,RESULT=1,partial/notes-derived
03_TVLSI:paper_02,Unlimited Vector Processing for Wireless Baseband Based on RISC-V Extension,TVLSI,2025,Abstract,10,RESULT -> GAP -> RESULT -> NEED -> INTERPRET -> INTERPRET -> NEED -> INTERPRET -> INTERPRET -> METHOD,RESULT -> GAP -> RESULT -> NEED -> INTERPRET -> NEED -> INTERPRET -> METHOD,ABS_A,完整摘要链,INTERPRET=4; NEED=2; RESULT=2; GAP=1; METHOD=1,full_sequence
03_TVLSI:paper_02,Unlimited Vector Processing for Wireless Baseband Based on RISC-V Extension,TVLSI,2025,Contribution,1,CONTRIB,CONTRIB,CON_A,单条贡献块,CONTRIB=1,full_sequence
03_TVLSI:paper_02,Unlimited Vector Processing for Wireless Baseband Based on RISC-V Extension,TVLSI,2025,Introduction,1,GAP,GAP,INT_X,部分证据型,GAP=1,partial/notes-derived
03_TVLSI:paper_02,Unlimited Vector Processing for Wireless Baseband Based on RISC-V Extension,TVLSI,2025,Results,1,RESULT,RESULT,RES_X,部分证据型,RESULT=1,partial/notes-derived
03_TVLSI:paper_03,A 66-Gb/s/5.5-W RISC-V Many-Core Cluster for 5G+ Software-Defined Radio Uplinks,TVLSI,2025,Abstract,10,RESULT -> RESULT -> RESULT -> RESULT -> METHOD -> NEED -> RESULT -> INTERPRET -> RESULT -> RESULT,RESULT -> METHOD -> NEED -> RESULT -> INTERPRET -> RESULT,ABS_C,方法-验证-结果型,RESULT=7; INTERPRET=1; METHOD=1; NEED=1,full_sequence
03_TVLSI:paper_03,A 66-Gb/s/5.5-W RISC-V Many-Core Cluster for 5G+ Software-Defined Radio Uplinks,TVLSI,2025,Contribution,1,CONTRIB,CONTRIB,CON_A,单条贡献块,CONTRIB=1,full_sequence
03_TVLSI:paper_03,A 66-Gb/s/5.5-W RISC-V Many-Core Cluster for 5G+ Software-Defined Radio Uplinks,TVLSI,2025,Introduction,1,GAP,GAP,INT_X,部分证据型,GAP=1,partial/notes-derived
03_TVLSI:paper_03,A 66-Gb/s/5.5-W RISC-V Many-Core Cluster for 5G+ Software-Defined Radio Uplinks,TVLSI,2025,Results,1,RESULT,RESULT,RES_X,部分证据型,RESULT=1,partial/notes-derived
03_TVLSI:paper_04,A Scalable FPGA Architecture With Adaptive Memory Utilization for GEMM-Based Operations,TVLSI,2025,Abstract,10,RESULT -> RESULT -> METHOD -> INTERPRET -> RESULT -> SETUP -> SETUP -> INTERPRET -> INTERPRET -> RESULT,RESULT -> METHOD -> INTERPRET -> RESULT -> SETUP -> INTERPRET -> RESULT,ABS_C,方法-验证-结果型,RESULT=4; INTERPRET=3; SETUP=2; METHOD=1,full_sequence
03_TVLSI:paper_04,A Scalable FPGA Architecture With Adaptive Memory Utilization for GEMM-Based Operations,TVLSI,2025,Contribution,1,CONTRIB,CONTRIB,CON_A,单条贡献块,CONTRIB=1,full_sequence
03_TVLSI:paper_04,A Scalable FPGA Architecture With Adaptive Memory Utilization for GEMM-Based Operations,TVLSI,2025,Introduction,1,GAP,GAP,INT_X,部分证据型,GAP=1,partial/notes-derived
03_TVLSI:paper_04,A Scalable FPGA Architecture With Adaptive Memory Utilization for GEMM-Based Operations,TVLSI,2025,Results,1,RESULT,RESULT,RES_X,部分证据型,RESULT=1,partial/notes-derived
03_TVLSI:paper_05,Strassen Multisystolic Array Hardware Architectures,TVLSI,2025,Abstract,10,RESULT -> PROBLEM -> RESULT -> GAP -> INTERPRET -> GAP -> INTERPRET -> INTERPRET -> INTERPRET -> RESULT,RESULT -> PROBLEM -> RESULT -> GAP -> INTERPRET -> GAP -> INTERPRET -> RESULT,ABS_E,压缩/非典型型,INTERPRET=4; RESULT=3; GAP=2; PROBLEM=1,full_sequence
03_TVLSI:paper_05,Strassen Multisystolic Array Hardware Architectures,TVLSI,2025,Contribution,1,CONTRIB,CONTRIB,CON_A,单条贡献块,CONTRIB=1,full_sequence
03_TVLSI:paper_05,Strassen Multisystolic Array Hardware Architectures,TVLSI,2025,Introduction,1,GAP,GAP,INT_X,部分证据型,GAP=1,partial/notes-derived
03_TVLSI:paper_05,Strassen Multisystolic Array Hardware Architectures,TVLSI,2025,Results,1,RESULT,RESULT,RES_X,部分证据型,RESULT=1,partial/notes-derived
03_TVLSI:paper_06,CapsBeam: Accelerating Capsule Network-Based Beamformer for Ultrasound Nonsteered Plane-Wave Imaging on Field-Programmable Gate Array,TVLSI,2025,Abstract,10,BG -> RESULT -> PROBLEM -> INTERPRET -> METHOD -> INTERPRET -> INTERPRET -> RESULT -> RESULT -> RESULT,BG -> RESULT -> PROBLEM -> INTERPRET -> METHOD -> INTERPRET -> RESULT,ABS_A,完整摘要链,RESULT=4; INTERPRET=3; BG=1; METHOD=1; PROBLEM=1,full_sequence
03_TVLSI:paper_06,CapsBeam: Accelerating Capsule Network-Based Beamformer for Ultrasound Nonsteered Plane-Wave Imaging on Field-Programmable Gate Array,TVLSI,2025,Contribution,1,CONTRIB,CONTRIB,CON_A,单条贡献块,CONTRIB=1,full_sequence
03_TVLSI:paper_06,CapsBeam: Accelerating Capsule Network-Based Beamformer for Ultrasound Nonsteered Plane-Wave Imaging on Field-Programmable Gate Array,TVLSI,2025,Introduction,1,GAP,GAP,INT_X,部分证据型,GAP=1,partial/notes-derived
03_TVLSI:paper_06,CapsBeam: Accelerating Capsule Network-Based Beamformer for Ultrasound Nonsteered Plane-Wave Imaging on Field-Programmable Gate Array,TVLSI,2025,Results,1,RESULT,RESULT,RES_X,部分证据型,RESULT=1,partial/notes-derived
03_TVLSI:paper_07,SPEED: A Scalable RISC-V Vector Processor Enabling Efficient Multiprecision DNN Inference,TVLSI,2024,Abstract,10,BG -> INTERPRET -> RESULT -> RESULT -> NEED -> INTERPRET -> PROBLEM -> RESULT -> PROBLEM -> BOUNDARY,BG -> INTERPRET -> RESULT -> NEED -> INTERPRET -> PROBLEM -> RESULT -> PROBLEM -> BOUNDARY,ABS_E,压缩/非典型型,RESULT=3; INTERPRET=2; PROBLEM=2; BG=1; BOUNDARY=1; NEED=1,full_sequence
03_TVLSI:paper_07,SPEED: A Scalable RISC-V Vector Processor Enabling Efficient Multiprecision DNN Inference,TVLSI,2024,Contribution,1,CONTRIB,CONTRIB,CON_A,单条贡献块,CONTRIB=1,full_sequence
03_TVLSI:paper_07,SPEED: A Scalable RISC-V Vector Processor Enabling Efficient Multiprecision DNN Inference,TVLSI,2024,Introduction,1,GAP,GAP,INT_X,部分证据型,GAP=1,partial/notes-derived
03_TVLSI:paper_07,SPEED: A Scalable RISC-V Vector Processor Enabling Efficient Multiprecision DNN Inference,TVLSI,2024,Results,1,RESULT,RESULT,RES_X,部分证据型,RESULT=1,partial/notes-derived
03_TVLSI:paper_08,Detect and Replace: Efficient Soft Error Protection of FPGA-Based CNN Accelerators,TVLSI,2024,Abstract,10,SETUP -> RESULT -> SETUP -> PROBLEM -> RESULT -> SETUP -> RESULT -> RESULT -> SETUP -> METHOD,SETUP -> RESULT -> SETUP -> PROBLEM -> RESULT -> SETUP -> RESULT -> SETUP -> METHOD,ABS_B,问题-方法-结果型,RESULT=4; SETUP=4; METHOD=1; PROBLEM=1,full_sequence
03_TVLSI:paper_08,Detect and Replace: Efficient Soft Error Protection of FPGA-Based CNN Accelerators,TVLSI,2024,Contribution,1,CONTRIB,CONTRIB,CON_A,单条贡献块,CONTRIB=1,full_sequence
03_TVLSI:paper_08,Detect and Replace: Efficient Soft Error Protection of FPGA-Based CNN Accelerators,TVLSI,2024,Introduction,9,BG -> BG -> BG -> INTERPRET -> RESULT -> RESULT -> INTERPRET -> INTERPRET -> INTERPRET,BG -> INTERPRET -> RESULT -> INTERPRET,INT_A,背景-问题-缺口-任务-贡献型,INTERPRET=4; BG=3; RESULT=2,full_sequence
03_TVLSI:paper_08,Detect and Replace: Efficient Soft Error Protection of FPGA-Based CNN Accelerators,TVLSI,2024,Results,1,RESULT,RESULT,RES_X,部分证据型,RESULT=1,partial/notes-derived
03_TVLSI:paper_09,High-Throughput Bilinear Pairing Processor for Server-Side FPGA Applications,TVLSI,2024,Abstract,10,RESULT -> SETUP -> RESULT -> PROBLEM -> SETUP -> INTERPRET -> METHOD -> PROBLEM -> METHOD -> SETUP,RESULT -> SETUP -> RESULT -> PROBLEM -> SETUP -> INTERPRET -> METHOD -> PROBLEM -> METHOD -> SETUP,ABS_A,完整摘要链,SETUP=3; METHOD=2; PROBLEM=2; RESULT=2; INTERPRET=1,full_sequence
03_TVLSI:paper_09,High-Throughput Bilinear Pairing Processor for Server-Side FPGA Applications,TVLSI,2024,Contribution,1,CONTRIB,CONTRIB,CON_A,单条贡献块,CONTRIB=1,full_sequence
03_TVLSI:paper_09,High-Throughput Bilinear Pairing Processor for Server-Side FPGA Applications,TVLSI,2024,Introduction,1,GAP,GAP,INT_X,部分证据型,GAP=1,partial/notes-derived
03_TVLSI:paper_09,High-Throughput Bilinear Pairing Processor for Server-Side FPGA Applications,TVLSI,2024,Results,1,RESULT,RESULT,RES_X,部分证据型,RESULT=1,partial/notes-derived
03_TVLSI:paper_10,An Energy Efficient Soft SIMD Microarchitecture and Its Application on Quantized CNNs,TVLSI,2024,Abstract,10,BG -> PROBLEM -> PROBLEM -> INTERPRET -> GAP -> INTERPRET -> INTERPRET -> INTERPRET -> INTERPRET -> BOUNDARY,BG -> PROBLEM -> INTERPRET -> GAP -> INTERPRET -> BOUNDARY,ABS_E,压缩/非典型型,INTERPRET=5; PROBLEM=2; BG=1; BOUNDARY=1; GAP=1,full_sequence
03_TVLSI:paper_10,An Energy Efficient Soft SIMD Microarchitecture and Its Application on Quantized CNNs,TVLSI,2024,Contribution,1,CONTRIB,CONTRIB,CON_A,单条贡献块,CONTRIB=1,full_sequence
03_TVLSI:paper_10,An Energy Efficient Soft SIMD Microarchitecture and Its Application on Quantized CNNs,TVLSI,2024,Introduction,7,BG -> ORG -> BG -> INTERPRET -> INTERPRET -> INTERPRET -> INTERPRET,BG -> ORG -> BG -> INTERPRET,INT_B,背景解释型,INTERPRET=4; BG=2; ORG=1,full_sequence
03_TVLSI:paper_10,An Energy Efficient Soft SIMD Microarchitecture and Its Application on Quantized CNNs,TVLSI,2024,Results,10,RESULT -> ORG -> ORG -> RESULT -> SETUP -> SETUP -> SETUP -> RESULT -> RESULT -> RESULT,RESULT -> ORG -> RESULT -> SETUP -> RESULT,RES_A,设置-多结果-解释型,RESULT=5; SETUP=3; ORG=2,full_sequence
04_TC:paper_01,Efficient Error Detection for Matrix Multiplication With Systolic Arrays on FPGAs,TC,2023,Abstract,9,BG -> INTERPRET -> INTERPRET -> INTERPRET -> PROBLEM -> PROBLEM -> GAP -> METHOD -> RESULT,BG -> INTERPRET -> PROBLEM -> GAP -> METHOD -> RESULT,ABS_A,完整摘要链,INTERPRET=3; PROBLEM=2; BG=1; GAP=1; METHOD=1; RESULT=1,full_sequence
04_TC:paper_01,Efficient Error Detection for Matrix Multiplication With Systolic Arrays on FPGAs,TC,2023,Contribution,1,CONTRIB,CONTRIB,CON_A,单条贡献块,CONTRIB=1,full_sequence
04_TC:paper_01,Efficient Error Detection for Matrix Multiplication With Systolic Arrays on FPGAs,TC,2023,Introduction,8,BG -> RESULT -> BG -> INTERPRET -> INTERPRET -> INTERPRET -> INTERPRET -> INTERPRET,BG -> RESULT -> BG -> INTERPRET,INT_A,背景-问题-缺口-任务-贡献型,INTERPRET=5; BG=2; RESULT=1,full_sequence
04_TC:paper_01,Efficient Error Detection for Matrix Multiplication With Systolic Arrays on FPGAs,TC,2023,Results,1,RESULT,RESULT,RES_X,部分证据型,RESULT=1,partial/notes-derived
04_TC:paper_02,Ara2: Exploring Single- and Multi-Core Vector Processing With an Efficient RVV 1.0 Compliant Open-Source Processor,TC,2024,Abstract,8,BG -> METHOD -> PROBLEM -> INTERPRET -> SETUP -> RESULT -> INTERPRET -> RESULT,BG -> METHOD -> PROBLEM -> INTERPRET -> SETUP -> RESULT -> INTERPRET -> RESULT,ABS_A,完整摘要链,INTERPRET=2; RESULT=2; BG=1; METHOD=1; PROBLEM=1; SETUP=1,full_sequence
04_TC:paper_02,Ara2: Exploring Single- and Multi-Core Vector Processing With an Efficient RVV 1.0 Compliant Open-Source Processor,TC,2024,Contribution,1,CONTRIB,CONTRIB,CON_A,单条贡献块,CONTRIB=1,full_sequence
04_TC:paper_02,Ara2: Exploring Single- and Multi-Core Vector Processing With an Efficient RVV 1.0 Compliant Open-Source Processor,TC,2024,Introduction,8,BG -> BG -> PROBLEM -> INTERPRET -> INTERPRET -> INTERPRET -> INTERPRET -> INTERPRET,BG -> PROBLEM -> INTERPRET,INT_B,背景解释型,INTERPRET=5; BG=2; PROBLEM=1,full_sequence
04_TC:paper_02,Ara2: Exploring Single- and Multi-Core Vector Processing With an Efficient RVV 1.0 Compliant Open-Source Processor,TC,2024,Results,10,ORG -> SETUP -> RESULT -> PROBLEM -> RESULT -> RESULT -> RESULT -> RESULT -> RESULT -> RESULT,ORG -> SETUP -> RESULT -> PROBLEM -> RESULT,RES_A,设置-多结果-解释型,RESULT=7; ORG=1; PROBLEM=1; SETUP=1,full_sequence
04_TC:paper_03,DeepFire2: A Convolutional Spiking Neural Network Accelerator on FPGAs,TC,2023,Abstract,8,BG -> INTERPRET -> RESULT -> INTERPRET -> PROBLEM -> RESULT -> RESULT -> RESULT,BG -> INTERPRET -> RESULT -> INTERPRET -> PROBLEM -> RESULT,ABS_D,结果密集型,RESULT=4; INTERPRET=2; BG=1; PROBLEM=1,full_sequence
04_TC:paper_03,DeepFire2: A Convolutional Spiking Neural Network Accelerator on FPGAs,TC,2023,Contribution,1,CONTRIB,CONTRIB,CON_A,单条贡献块,CONTRIB=1,full_sequence
04_TC:paper_03,DeepFire2: A Convolutional Spiking Neural Network Accelerator on FPGAs,TC,2023,Introduction,12,BG -> NEED -> BG -> INTERPRET -> INTERPRET -> INTERPRET -> INTERPRET -> INTERPRET -> INTERPRET -> INTERPRET -> INTERPRET -> RESULT,BG -> NEED -> BG -> INTERPRET -> RESULT,INT_A,背景-问题-缺口-任务-贡献型,INTERPRET=8; BG=2; NEED=1; RESULT=1,full_sequence
04_TC:paper_03,DeepFire2: A Convolutional Spiking Neural Network Accelerator on FPGAs,TC,2023,Results,1,RESULT,RESULT,RES_X,部分证据型,RESULT=1,partial/notes-derived
04_TC:paper_04,Co-Design of Approximate Multilayer Perceptron for Ultra-Resource Constrained Printed Circuits,TC,2023,Abstract,4,BG -> PROBLEM -> METHOD -> RESULT,BG -> PROBLEM -> METHOD -> RESULT,ABS_B,问题-方法-结果型,BG=1; METHOD=1; PROBLEM=1; RESULT=1,full_sequence
04_TC:paper_04,Co-Design of Approximate Multilayer Perceptron for Ultra-Resource Constrained Printed Circuits,TC,2023,Contribution,1,CONTRIB,CONTRIB,CON_A,单条贡献块,CONTRIB=1,full_sequence
04_TC:paper_04,Co-Design of Approximate Multilayer Perceptron for Ultra-Resource Constrained Printed Circuits,TC,2023,Introduction,6,PROBLEM -> BG -> BG -> INTERPRET -> INTERPRET -> INTERPRET,PROBLEM -> BG -> INTERPRET,INT_B,背景解释型,INTERPRET=3; BG=2; PROBLEM=1,full_sequence
04_TC:paper_04,Co-Design of Approximate Multilayer Perceptron for Ultra-Resource Constrained Printed Circuits,TC,2023,Results,10,ORG -> SETUP -> RESULT -> RESULT -> ORG -> RESULT -> RESULT -> RESULT -> RESULT -> SETUP,ORG -> SETUP -> RESULT -> ORG -> RESULT -> SETUP,RES_A,设置-多结果-解释型,RESULT=6; ORG=2; SETUP=2,full_sequence
04_TC:paper_05,Multi-Objective Hardware-Mapping Co-Optimisation for Multi-DNN Workloads on Chiplet-Based Accelerators,TC,2024,Abstract,9,SETUP -> INTERPRET -> METHOD -> INTERPRET -> METHOD -> PROBLEM -> BOUNDARY -> INTERPRET -> RESULT,SETUP -> INTERPRET -> METHOD -> INTERPRET -> METHOD -> PROBLEM -> BOUNDARY -> INTERPRET -> RESULT,ABS_A,完整摘要链,INTERPRET=3; METHOD=2; BOUNDARY=1; PROBLEM=1; RESULT=1; SETUP=1,full_sequence
04_TC:paper_05,Multi-Objective Hardware-Mapping Co-Optimisation for Multi-DNN Workloads on Chiplet-Based Accelerators,TC,2024,Contribution,1,CONTRIB,CONTRIB,CON_A,单条贡献块,CONTRIB=1,full_sequence
04_TC:paper_05,Multi-Objective Hardware-Mapping Co-Optimisation for Multi-DNN Workloads on Chiplet-Based Accelerators,TC,2024,Introduction,10,BG -> BG -> BG -> INTERPRET -> INTERPRET -> INTERPRET -> INTERPRET -> INTERPRET -> INTERPRET -> INTERPRET,BG -> INTERPRET,INT_B,背景解释型,INTERPRET=7; BG=3,full_sequence
04_TC:paper_05,Multi-Objective Hardware-Mapping Co-Optimisation for Multi-DNN Workloads on Chiplet-Based Accelerators,TC,2024,Results,9,ORG -> RESULT -> SETUP -> RESULT -> SETUP -> RESULT -> RESULT -> RESULT -> SETUP,ORG -> RESULT -> SETUP -> RESULT -> SETUP -> RESULT -> SETUP,RES_A,设置-多结果-解释型,RESULT=5; SETUP=3; ORG=1,full_sequence
04_TC:paper_06,FPGA-Accelerated Range-Limited Molecular Dynamics,TC,2024,Abstract,10,SETUP -> INTERPRET -> SETUP -> GAP -> PROBLEM -> INTERPRET -> INTERPRET -> INTERPRET -> BOUNDARY -> BOUNDARY,SETUP -> INTERPRET -> SETUP -> GAP -> PROBLEM -> INTERPRET -> BOUNDARY,ABS_E,压缩/非典型型,INTERPRET=4; BOUNDARY=2; SETUP=2; GAP=1; PROBLEM=1,full_sequence
04_TC:paper_06,FPGA-Accelerated Range-Limited Molecular Dynamics,TC,2024,Contribution,1,CONTRIB,CONTRIB,CON_A,单条贡献块,CONTRIB=1,full_sequence
04_TC:paper_06,FPGA-Accelerated Range-Limited Molecular Dynamics,TC,2024,Introduction,10,SETUP -> SETUP -> BG -> NEED -> INTERPRET -> INTERPRET -> INTERPRET -> INTERPRET -> RESULT -> PROBLEM,SETUP -> BG -> NEED -> INTERPRET -> RESULT -> PROBLEM,INT_A,背景-问题-缺口-任务-贡献型,INTERPRET=4; SETUP=2; BG=1; NEED=1; PROBLEM=1; RESULT=1,full_sequence
04_TC:paper_06,FPGA-Accelerated Range-Limited Molecular Dynamics,TC,2024,Results,8,SETUP -> SETUP -> SETUP -> SETUP -> RESULT -> SETUP -> RESULT -> RESULT,SETUP -> RESULT -> SETUP -> RESULT,RES_D,短结果链型,SETUP=5; RESULT=3,full_sequence
04_TC:paper_07,Fast Inner-Product Algorithms and Architectures for Deep Neural Network Accelerators,TC,2023,Abstract,6,METHOD -> INTERPRET -> SETUP -> INTERPRET -> RESULT -> RESULT,METHOD -> INTERPRET -> SETUP -> INTERPRET -> RESULT,ABS_C,方法-验证-结果型,INTERPRET=2; RESULT=2; METHOD=1; SETUP=1,full_sequence
04_TC:paper_07,Fast Inner-Product Algorithms and Architectures for Deep Neural Network Accelerators,TC,2023,Contribution,2,CONTRIB -> CONTRIB,CONTRIB,CON_B,多条贡献块,CONTRIB=2,full_sequence
04_TC:paper_07,Fast Inner-Product Algorithms and Architectures for Deep Neural Network Accelerators,TC,2023,Introduction,11,BG -> BG -> BG -> INTERPRET -> PROBLEM -> PROBLEM -> INTERPRET -> PROBLEM -> INTERPRET -> INTERPRET -> INTERPRET,BG -> INTERPRET -> PROBLEM -> INTERPRET -> PROBLEM -> INTERPRET,INT_B,背景解释型,INTERPRET=5; BG=3; PROBLEM=3,full_sequence
04_TC:paper_07,Fast Inner-Product Algorithms and Architectures for Deep Neural Network Accelerators,TC,2023,Results,10,ORG -> SETUP -> SETUP -> NEED -> RESULT -> RESULT -> RESULT -> SETUP -> RESULT -> RESULT,ORG -> SETUP -> NEED -> RESULT -> SETUP -> RESULT,RES_A,设置-多结果-解释型,RESULT=5; SETUP=3; NEED=1; ORG=1,full_sequence
04_TC:paper_08,TOP: Towards Open & Predictable Heterogeneous SoCs,TC,2024,Abstract,7,BG -> INTERPRET -> PROBLEM -> INTERPRET -> INTERPRET -> BOUNDARY -> RESULT,BG -> INTERPRET -> PROBLEM -> INTERPRET -> BOUNDARY -> RESULT,ABS_E,压缩/非典型型,INTERPRET=3; BG=1; BOUNDARY=1; PROBLEM=1; RESULT=1,full_sequence
04_TC:paper_08,TOP: Towards Open & Predictable Heterogeneous SoCs,TC,2024,Contribution,1,CONTRIB,CONTRIB,CON_A,单条贡献块,CONTRIB=1,full_sequence
04_TC:paper_08,TOP: Towards Open & Predictable Heterogeneous SoCs,TC,2024,Introduction,9,BG -> BG -> RESULT -> INTERPRET -> INTERPRET -> INTERPRET -> PROBLEM -> NEED -> NEED,BG -> RESULT -> INTERPRET -> PROBLEM -> NEED,INT_A,背景-问题-缺口-任务-贡献型,INTERPRET=3; BG=2; NEED=2; PROBLEM=1; RESULT=1,full_sequence
04_TC:paper_08,TOP: Towards Open & Predictable Heterogeneous SoCs,TC,2024,Results,1,RESULT,RESULT,RES_X,部分证据型,RESULT=1,partial/notes-derived
04_TC:paper_09,An FPGA-Based Open-Source Hardware-Software Framework for Side-Channel Security Research,TC,2025,Abstract,6,BG -> INTERPRET -> SETUP -> SETUP -> SETUP -> SETUP,BG -> INTERPRET -> SETUP,ABS_E,压缩/非典型型,SETUP=4; BG=1; INTERPRET=1,full_sequence
04_TC:paper_09,An FPGA-Based Open-Source Hardware-Software Framework for Side-Channel Security Research,TC,2025,Contribution,1,CONTRIB,CONTRIB,CON_A,单条贡献块,CONTRIB=1,full_sequence
04_TC:paper_09,An FPGA-Based Open-Source Hardware-Software Framework for Side-Channel Security Research,TC,2025,Introduction,10,BG -> BG -> PROBLEM -> RESULT -> INTERPRET -> INTERPRET -> PROBLEM -> PROBLEM -> PROBLEM -> INTERPRET,BG -> PROBLEM -> RESULT -> INTERPRET -> PROBLEM -> INTERPRET,INT_A,背景-问题-缺口-任务-贡献型,PROBLEM=4; INTERPRET=3; BG=2; RESULT=1,full_sequence
04_TC:paper_09,An FPGA-Based Open-Source Hardware-Software Framework for Side-Channel Security Research,TC,2025,Results,1,RESULT,RESULT,RES_X,部分证据型,RESULT=1,partial/notes-derived
04_TC:paper_10,SCARF: Securing Chips With a Robust Framework Against Fabrication-Time Hardware Trojans,TC,2024,Abstract,8,BG -> INTERPRET -> METHOD -> INTERPRET -> METHOD -> RESULT -> RESULT -> BOUNDARY,BG -> INTERPRET -> METHOD -> INTERPRET -> METHOD -> RESULT -> BOUNDARY,ABS_A,完整摘要链,INTERPRET=2; METHOD=2; RESULT=2; BG=1; BOUNDARY=1,full_sequence
04_TC:paper_10,SCARF: Securing Chips With a Robust Framework Against Fabrication-Time Hardware Trojans,TC,2024,Contribution,1,CONTRIB,CONTRIB,CON_A,单条贡献块,CONTRIB=1,full_sequence
04_TC:paper_10,SCARF: Securing Chips With a Robust Framework Against Fabrication-Time Hardware Trojans,TC,2024,Introduction,10,BG -> BG -> BG -> INTERPRET -> PROBLEM -> INTERPRET -> INTERPRET -> INTERPRET -> PROBLEM -> INTERPRET,BG -> INTERPRET -> PROBLEM -> INTERPRET -> PROBLEM -> INTERPRET,INT_B,背景解释型,INTERPRET=5; BG=3; PROBLEM=2,full_sequence
04_TC:paper_10,SCARF: Securing Chips With a Robust Framework Against Fabrication-Time Hardware Trojans,TC,2024,Results,10,ORG -> SETUP -> SETUP -> SETUP -> SETUP -> RESULT -> SETUP -> SETUP -> RESULT -> RESULT,ORG -> SETUP -> RESULT -> SETUP -> RESULT,RES_B,结构化实验段型,SETUP=6; RESULT=3; ORG=1,full_sequence
05_TCAD:paper_01,A Triple-Memristor Hopfield Neural Network With Space Multistructure Attractors and Space Initial-Offset Behaviors,TCAD,2023,Abstract,8,BG -> METHOD -> INTERPRET -> INTERPRET -> SETUP -> INTERPRET -> SETUP -> METHOD,BG -> METHOD -> INTERPRET -> SETUP -> INTERPRET -> SETUP -> METHOD,ABS_E,压缩/非典型型,INTERPRET=3; METHOD=2; SETUP=2; BG=1,full_sequence
05_TCAD:paper_01,A Triple-Memristor Hopfield Neural Network With Space Multistructure Attractors and Space Initial-Offset Behaviors,TCAD,2023,Contribution,1,CONTRIB,CONTRIB,CON_A,单条贡献块,CONTRIB=1,full_sequence
05_TCAD:paper_01,A Triple-Memristor Hopfield Neural Network With Space Multistructure Attractors and Space Initial-Offset Behaviors,TCAD,2023,Introduction,8,BG -> BG -> BG -> INTERPRET -> INTERPRET -> INTERPRET -> INTERPRET -> INTERPRET,BG -> INTERPRET,INT_B,背景解释型,INTERPRET=5; BG=3,full_sequence
05_TCAD:paper_01,A Triple-Memristor Hopfield Neural Network With Space Multistructure Attractors and Space Initial-Offset Behaviors,TCAD,2023,Results,1,RESULT,RESULT,RES_X,部分证据型,RESULT=1,partial/notes-derived
05_TCAD:paper_02,Diversified Butterfly Attractors of Memristive HNN With Two Memristive Systems and Application in IoMT for Privacy Protection,TCAD,2024,Abstract,10,BG -> PROBLEM -> INTERPRET -> METHOD -> INTERPRET -> RESULT -> INTERPRET -> INTERPRET -> INTERPRET -> BOUNDARY,BG -> PROBLEM -> INTERPRET -> METHOD -> INTERPRET -> RESULT -> INTERPRET -> BOUNDARY,ABS_A,完整摘要链,INTERPRET=5; BG=1; BOUNDARY=1; METHOD=1; PROBLEM=1; RESULT=1,full_sequence
05_TCAD:paper_02,Diversified Butterfly Attractors of Memristive HNN With Two Memristive Systems and Application in IoMT for Privacy Protection,TCAD,2024,Contribution,1,CONTRIB,CONTRIB,CON_A,单条贡献块,CONTRIB=1,full_sequence
05_TCAD:paper_02,Diversified Butterfly Attractors of Memristive HNN With Two Memristive Systems and Application in IoMT for Privacy Protection,TCAD,2024,Introduction,9,BG -> INTERPRET -> INTERPRET -> INTERPRET -> INTERPRET -> INTERPRET -> NEED -> INTERPRET -> RESULT,BG -> INTERPRET -> NEED -> INTERPRET -> RESULT,INT_A,背景-问题-缺口-任务-贡献型,INTERPRET=6; BG=1; NEED=1; RESULT=1,full_sequence
05_TCAD:paper_02,Diversified Butterfly Attractors of Memristive HNN With Two Memristive Systems and Application in IoMT for Privacy Protection,TCAD,2024,Results,1,RESULT,RESULT,RES_X,部分证据型,RESULT=1,partial/notes-derived
05_TCAD:paper_03,"Efficient <i>N:M</i> Sparse DNN Training Using Algorithm, Architecture, and Dataflow Co-Design",TCAD,2023,Abstract,10,RESULT -> INTERPRET -> PROBLEM -> NEED -> RESULT -> INTERPRET -> INTERPRET -> RESULT -> RESULT -> RESULT,RESULT -> INTERPRET -> PROBLEM -> NEED -> RESULT -> INTERPRET -> RESULT,ABS_D,结果密集型,RESULT=5; INTERPRET=3; NEED=1; PROBLEM=1,full_sequence
05_TCAD:paper_03,"Efficient <i>N:M</i> Sparse DNN Training Using Algorithm, Architecture, and Dataflow Co-Design",TCAD,2023,Contribution,1,CONTRIB,CONTRIB,CON_A,单条贡献块,CONTRIB=1,full_sequence
05_TCAD:paper_03,"Efficient <i>N:M</i> Sparse DNN Training Using Algorithm, Architecture, and Dataflow Co-Design",TCAD,2023,Introduction,7,BG -> GAP -> BG -> RESULT -> INTERPRET -> INTERPRET -> INTERPRET,BG -> GAP -> BG -> RESULT -> INTERPRET,INT_A,背景-问题-缺口-任务-贡献型,INTERPRET=3; BG=2; GAP=1; RESULT=1,full_sequence
05_TCAD:paper_03,"Efficient <i>N:M</i> Sparse DNN Training Using Algorithm, Architecture, and Dataflow Co-Design",TCAD,2023,Results,9,SETUP -> SETUP -> RESULT -> RESULT -> SETUP -> PROBLEM -> SETUP -> RESULT -> SETUP,SETUP -> RESULT -> SETUP -> PROBLEM -> SETUP -> RESULT -> SETUP,RES_D,短结果链型,SETUP=5; RESULT=3; PROBLEM=1,full_sequence
05_TCAD:paper_04,Spatz: Clustering Compact RISC-V-Based Vector Units to Maximize Computing Efficiency,TCAD,2025,Abstract,8,BG -> METHOD -> METHOD -> RESULT -> RESULT -> RESULT -> RESULT -> RESULT,BG -> METHOD -> RESULT,ABS_C,方法-验证-结果型,RESULT=5; METHOD=2; BG=1,full_sequence
05_TCAD:paper_04,Spatz: Clustering Compact RISC-V-Based Vector Units to Maximize Computing Efficiency,TCAD,2025,Contribution,1,CONTRIB,CONTRIB,CON_A,单条贡献块,CONTRIB=1,full_sequence
05_TCAD:paper_04,Spatz: Clustering Compact RISC-V-Based Vector Units to Maximize Computing Efficiency,TCAD,2025,Introduction,9,BG -> BG -> BG -> INTERPRET -> INTERPRET -> INTERPRET -> INTERPRET -> INTERPRET -> NEED,BG -> INTERPRET -> NEED,INT_E,非典型引言型,INTERPRET=5; BG=3; NEED=1,full_sequence
05_TCAD:paper_04,Spatz: Clustering Compact RISC-V-Based Vector Units to Maximize Computing Efficiency,TCAD,2025,Results,9,ORG -> RESULT -> RESULT -> RESULT -> RESULT -> RESULT -> RESULT -> RESULT -> RESULT,ORG -> RESULT,RES_C,结果密集型,RESULT=8; ORG=1,full_sequence
05_TCAD:paper_05,Energy-Efficient Spintronic-Based Neuromorphic Computing System Using Current Mode Track and Termination Circuit,TCAD,2023,Abstract,10,RESULT -> INTERPRET -> PROBLEM -> GAP -> INTERPRET -> INTERPRET -> PROBLEM -> METHOD -> RESULT -> RESULT,RESULT -> INTERPRET -> PROBLEM -> GAP -> INTERPRET -> PROBLEM -> METHOD -> RESULT,ABS_A,完整摘要链,INTERPRET=3; RESULT=3; PROBLEM=2; GAP=1; METHOD=1,full_sequence
05_TCAD:paper_05,Energy-Efficient Spintronic-Based Neuromorphic Computing System Using Current Mode Track and Termination Circuit,TCAD,2023,Contribution,1,CONTRIB,CONTRIB,CON_A,单条贡献块,CONTRIB=1,full_sequence
05_TCAD:paper_05,Energy-Efficient Spintronic-Based Neuromorphic Computing System Using Current Mode Track and Termination Circuit,TCAD,2023,Introduction,12,BG -> BG -> PROBLEM -> SETUP -> INTERPRET -> PROBLEM -> PROBLEM -> INTERPRET -> RESULT -> SETUP -> INTERPRET -> INTERPRET,BG -> PROBLEM -> SETUP -> INTERPRET -> PROBLEM -> INTERPRET -> RESULT -> SETUP -> INTERPRET,INT_A,背景-问题-缺口-任务-贡献型,INTERPRET=4; PROBLEM=3; BG=2; SETUP=2; RESULT=1,full_sequence
05_TCAD:paper_05,Energy-Efficient Spintronic-Based Neuromorphic Computing System Using Current Mode Track and Termination Circuit,TCAD,2023,Results,1,RESULT,RESULT,RES_X,部分证据型,RESULT=1,partial/notes-derived
05_TCAD:paper_06,Bank on Compute-Near-Memory: Design Space Exploration of Processing-Near-Bank Architectures,TCAD,2024,Abstract,8,BG -> PROBLEM -> INTERPRET -> RESULT -> RESULT -> GAP -> PROBLEM -> RESULT,BG -> PROBLEM -> INTERPRET -> RESULT -> GAP -> PROBLEM -> RESULT,ABS_E,压缩/非典型型,RESULT=3; PROBLEM=2; BG=1; GAP=1; INTERPRET=1,full_sequence
05_TCAD:paper_06,Bank on Compute-Near-Memory: Design Space Exploration of Processing-Near-Bank Architectures,TCAD,2024,Contribution,1,CONTRIB,CONTRIB,CON_A,单条贡献块,CONTRIB=1,full_sequence
05_TCAD:paper_06,Bank on Compute-Near-Memory: Design Space Exploration of Processing-Near-Bank Architectures,TCAD,2024,Introduction,7,BG -> BG -> BG -> INTERPRET -> RESULT -> INTERPRET -> INTERPRET,BG -> INTERPRET -> RESULT -> INTERPRET,INT_A,背景-问题-缺口-任务-贡献型,BG=3; INTERPRET=3; RESULT=1,full_sequence
05_TCAD:paper_06,Bank on Compute-Near-Memory: Design Space Exploration of Processing-Near-Bank Architectures,TCAD,2024,Results,10,RESULT -> ORG -> ORG -> SETUP -> RESULT -> SETUP -> RESULT -> RESULT -> RESULT -> SETUP,RESULT -> ORG -> SETUP -> RESULT -> SETUP -> RESULT -> SETUP,RES_A,设置-多结果-解释型,RESULT=5; SETUP=3; ORG=2,full_sequence
05_TCAD:paper_07,CRAFT: Criticality-Aware Fault-Tolerance Enhancement Techniques for Emerging Memories-Based Deep Neural Networks,TCAD,2023,Abstract,10,BG -> INTERPRET -> INTERPRET -> PROBLEM -> NEED -> INTERPRET -> METHOD -> RESULT -> INTERPRET -> METHOD,BG -> INTERPRET -> PROBLEM -> NEED -> INTERPRET -> METHOD -> RESULT -> INTERPRET -> METHOD,ABS_A,完整摘要链,INTERPRET=4; METHOD=2; BG=1; NEED=1; PROBLEM=1; RESULT=1,full_sequence
05_TCAD:paper_07,CRAFT: Criticality-Aware Fault-Tolerance Enhancement Techniques for Emerging Memories-Based Deep Neural Networks,TCAD,2023,Contribution,1,CONTRIB,CONTRIB,CON_A,单条贡献块,CONTRIB=1,full_sequence
05_TCAD:paper_07,CRAFT: Criticality-Aware Fault-Tolerance Enhancement Techniques for Emerging Memories-Based Deep Neural Networks,TCAD,2023,Introduction,12,BG -> BG -> NEED -> PROBLEM -> INTERPRET -> RESULT -> INTERPRET -> PROBLEM -> INTERPRET -> INTERPRET -> GAP -> INTERPRET,BG -> NEED -> PROBLEM -> INTERPRET -> RESULT -> INTERPRET -> PROBLEM -> INTERPRET -> GAP -> INTERPRET,INT_A,背景-问题-缺口-任务-贡献型,INTERPRET=5; BG=2; PROBLEM=2; GAP=1; NEED=1; RESULT=1,full_sequence
05_TCAD:paper_07,CRAFT: Criticality-Aware Fault-Tolerance Enhancement Techniques for Emerging Memories-Based Deep Neural Networks,TCAD,2023,Results,10,SETUP -> SETUP -> RESULT -> RESULT -> RESULT -> RESULT -> RESULT -> SETUP -> SETUP -> RESULT,SETUP -> RESULT -> SETUP -> RESULT,RES_A,设置-多结果-解释型,RESULT=6; SETUP=4,full_sequence
05_TCAD:paper_08,A Highly Reliable Dual-Mode RRAM PUF With Key Concealment Scheme,TCAD,2025,Abstract,9,BG -> INTERPRET -> INTERPRET -> METHOD -> INTERPRET -> RESULT -> INTERPRET -> INTERPRET -> PROBLEM,BG -> INTERPRET -> METHOD -> INTERPRET -> RESULT -> INTERPRET -> PROBLEM,ABS_A,完整摘要链,INTERPRET=5; BG=1; METHOD=1; PROBLEM=1; RESULT=1,full_sequence
05_TCAD:paper_08,A Highly Reliable Dual-Mode RRAM PUF With Key Concealment Scheme,TCAD,2025,Contribution,1,CONTRIB,CONTRIB,CON_A,单条贡献块,CONTRIB=1,full_sequence
05_TCAD:paper_08,A Highly Reliable Dual-Mode RRAM PUF With Key Concealment Scheme,TCAD,2025,Introduction,7,BG -> BG -> BG -> INTERPRET -> PROBLEM -> INTERPRET -> NEED,BG -> INTERPRET -> PROBLEM -> INTERPRET -> NEED,INT_C,问题缺口驱动型,BG=3; INTERPRET=2; NEED=1; PROBLEM=1,full_sequence
05_TCAD:paper_08,A Highly Reliable Dual-Mode RRAM PUF With Key Concealment Scheme,TCAD,2025,Results,1,RESULT,RESULT,RES_X,部分证据型,RESULT=1,partial/notes-derived
05_TCAD:paper_09,When Random Is Bad: Selective CRPs for Protecting PUFs Against Modeling Attacks,TCAD,2024,Abstract,10,BG -> PROBLEM -> INTERPRET -> PROBLEM -> INTERPRET -> METHOD -> METHOD -> INTERPRET -> SETUP -> RESULT,BG -> PROBLEM -> INTERPRET -> PROBLEM -> INTERPRET -> METHOD -> INTERPRET -> SETUP -> RESULT,ABS_A,完整摘要链,INTERPRET=3; METHOD=2; PROBLEM=2; BG=1; RESULT=1; SETUP=1,full_sequence
05_TCAD:paper_09,When Random Is Bad: Selective CRPs for Protecting PUFs Against Modeling Attacks,TCAD,2024,Contribution,1,CONTRIB,CONTRIB,CON_A,单条贡献块,CONTRIB=1,full_sequence
05_TCAD:paper_09,When Random Is Bad: Selective CRPs for Protecting PUFs Against Modeling Attacks,TCAD,2024,Introduction,11,BG -> PROBLEM -> BG -> PROBLEM -> INTERPRET -> PROBLEM -> INTERPRET -> INTERPRET -> NEED -> PROBLEM -> INTERPRET,BG -> PROBLEM -> BG -> PROBLEM -> INTERPRET -> PROBLEM -> INTERPRET -> NEED -> PROBLEM -> INTERPRET,INT_C,问题缺口驱动型,INTERPRET=4; PROBLEM=4; BG=2; NEED=1,full_sequence
05_TCAD:paper_09,When Random Is Bad: Selective CRPs for Protecting PUFs Against Modeling Attacks,TCAD,2024,Results,10,ORG -> SETUP -> RESULT -> SETUP -> ORG -> SETUP -> RESULT -> RESULT -> RESULT -> SETUP,ORG -> SETUP -> RESULT -> SETUP -> ORG -> SETUP -> RESULT -> SETUP,RES_B,结构化实验段型,RESULT=4; SETUP=4; ORG=2,full_sequence
05_TCAD:paper_10,MAFIA: Protecting the Microarchitecture of Embedded Systems Against Fault Injection Attacks,TCAD,2023,Abstract,9,BG -> INTERPRET -> GAP -> METHOD -> INTERPRET -> PROBLEM -> METHOD -> PROBLEM -> RESULT,BG -> INTERPRET -> GAP -> METHOD -> INTERPRET -> PROBLEM -> METHOD -> PROBLEM -> RESULT,ABS_A,完整摘要链,INTERPRET=2; METHOD=2; PROBLEM=2; BG=1; GAP=1; RESULT=1,full_sequence
05_TCAD:paper_10,MAFIA: Protecting the Microarchitecture of Embedded Systems Against Fault Injection Attacks,TCAD,2023,Contribution,1,CONTRIB,CONTRIB,CON_A,单条贡献块,CONTRIB=1,full_sequence
05_TCAD:paper_10,MAFIA: Protecting the Microarchitecture of Embedded Systems Against Fault Injection Attacks,TCAD,2023,Introduction,9,BG -> BG -> BG -> INTERPRET -> PROBLEM -> INTERPRET -> INTERPRET -> INTERPRET -> INTERPRET,BG -> INTERPRET -> PROBLEM -> INTERPRET,INT_B,背景解释型,INTERPRET=5; BG=3; PROBLEM=1,full_sequence
05_TCAD:paper_10,MAFIA: Protecting the Microarchitecture of Embedded Systems Against Fault Injection Attacks,TCAD,2023,Results,1,RESULT,RESULT,RES_X,部分证据型,RESULT=1,partial/notes-derived
06_TCHES_CHES:paper_01,BASALISC: Programmable Hardware Accelerator for BGV Fully Homomorphic Encryption,TCHES/CHES,2023,Abstract,10,BG -> INTERPRET -> METHOD -> INTERPRET -> INTERPRET -> RESULT -> RESULT -> INTERPRET -> INTERPRET -> BOUNDARY,BG -> INTERPRET -> METHOD -> INTERPRET -> RESULT -> INTERPRET -> BOUNDARY,ABS_A,完整摘要链,INTERPRET=5; RESULT=2; BG=1; BOUNDARY=1; METHOD=1,full_sequence
06_TCHES_CHES:paper_01,BASALISC: Programmable Hardware Accelerator for BGV Fully Homomorphic Encryption,TCHES/CHES,2023,Contribution,1,CONTRIB,CONTRIB,CON_A,单条贡献块,CONTRIB=1,full_sequence
06_TCHES_CHES:paper_01,BASALISC: Programmable Hardware Accelerator for BGV Fully Homomorphic Encryption,TCHES/CHES,2023,Introduction,1,GAP,GAP,INT_X,部分证据型,GAP=1,partial/notes-derived
06_TCHES_CHES:paper_01,BASALISC: Programmable Hardware Accelerator for BGV Fully Homomorphic Encryption,TCHES/CHES,2023,Results,10,SETUP -> SETUP -> RESULT -> RESULT -> SETUP -> RESULT -> RESULT -> RESULT -> RESULT -> SETUP,SETUP -> RESULT -> SETUP -> RESULT -> SETUP,RES_A,设置-多结果-解释型,RESULT=6; SETUP=4,full_sequence
06_TCHES_CHES:paper_02,A Highly-efficient Lattice-based Post-Quantum Cryptography Processor for IoT Applications,TCHES/CHES,2024,Abstract,10,BG -> PROBLEM -> GAP -> GAP -> NEED -> RESULT -> METHOD -> METHOD -> RESULT -> RESULT,BG -> PROBLEM -> GAP -> NEED -> RESULT -> METHOD -> RESULT,ABS_B,问题-方法-结果型,RESULT=3; GAP=2; METHOD=2; BG=1; NEED=1; PROBLEM=1,full_sequence
06_TCHES_CHES:paper_02,A Highly-efficient Lattice-based Post-Quantum Cryptography Processor for IoT Applications,TCHES/CHES,2024,Contribution,1,CONTRIB,CONTRIB,CON_A,单条贡献块,CONTRIB=1,full_sequence
06_TCHES_CHES:paper_02,A Highly-efficient Lattice-based Post-Quantum Cryptography Processor for IoT Applications,TCHES/CHES,2024,Introduction,11,BG -> BG -> BG -> INTERPRET -> INTERPRET -> INTERPRET -> INTERPRET -> PROBLEM -> INTERPRET -> INTERPRET -> INTERPRET,BG -> INTERPRET -> PROBLEM -> INTERPRET,INT_B,背景解释型,INTERPRET=7; BG=3; PROBLEM=1,full_sequence
06_TCHES_CHES:paper_02,A Highly-efficient Lattice-based Post-Quantum Cryptography Processor for IoT Applications,TCHES/CHES,2024,Results,9,ORG -> PROBLEM -> SETUP -> SETUP -> RESULT -> SETUP -> RESULT -> PROBLEM -> RESULT,ORG -> PROBLEM -> SETUP -> RESULT -> SETUP -> RESULT -> PROBLEM -> RESULT,RES_B,结构化实验段型,RESULT=3; SETUP=3; PROBLEM=2; ORG=1,full_sequence
06_TCHES_CHES:paper_03,Pushing the Limits of Generic Side-Channel Attacks on LWE-based KEMs - Parallel PC Oracle Attacks on Kyber KEM and Beyond,TCHES/CHES,2023,Abstract,10,METHOD -> INTERPRET -> PROBLEM -> INTERPRET -> METHOD -> METHOD -> INTERPRET -> RESULT -> RESULT -> BOUNDARY,METHOD -> INTERPRET -> PROBLEM -> INTERPRET -> METHOD -> INTERPRET -> RESULT -> BOUNDARY,ABS_A,完整摘要链,INTERPRET=3; METHOD=3; RESULT=2; BOUNDARY=1; PROBLEM=1,full_sequence
06_TCHES_CHES:paper_03,Pushing the Limits of Generic Side-Channel Attacks on LWE-based KEMs - Parallel PC Oracle Attacks on Kyber KEM and Beyond,TCHES/CHES,2023,Contribution,1,CONTRIB,CONTRIB,CON_A,单条贡献块,CONTRIB=1,full_sequence
06_TCHES_CHES:paper_03,Pushing the Limits of Generic Side-Channel Attacks on LWE-based KEMs - Parallel PC Oracle Attacks on Kyber KEM and Beyond,TCHES/CHES,2023,Introduction,11,BG -> PROBLEM -> RESULT -> NEED -> INTERPRET -> INTERPRET -> INTERPRET -> INTERPRET -> INTERPRET -> PROBLEM -> BOUNDARY,BG -> PROBLEM -> RESULT -> NEED -> INTERPRET -> PROBLEM -> BOUNDARY,INT_A,背景-问题-缺口-任务-贡献型,INTERPRET=5; PROBLEM=2; BG=1; BOUNDARY=1; NEED=1; RESULT=1,full_sequence
06_TCHES_CHES:paper_03,Pushing the Limits of Generic Side-Channel Attacks on LWE-based KEMs - Parallel PC Oracle Attacks on Kyber KEM and Beyond,TCHES/CHES,2023,Results,1,RESULT,RESULT,RES_X,部分证据型,RESULT=1,partial/notes-derived
06_TCHES_CHES:paper_04,Exploiting Intermediate Value Leakage in Dilithium: A Template-Based Approach,TCHES/CHES,2023,Abstract,8,PROBLEM -> SETUP -> PROBLEM -> PROBLEM -> PROBLEM -> METHOD -> PROBLEM -> BOUNDARY,PROBLEM -> SETUP -> PROBLEM -> METHOD -> PROBLEM -> BOUNDARY,ABS_E,压缩/非典型型,PROBLEM=5; BOUNDARY=1; METHOD=1; SETUP=1,full_sequence
06_TCHES_CHES:paper_04,Exploiting Intermediate Value Leakage in Dilithium: A Template-Based Approach,TCHES/CHES,2023,Contribution,1,CONTRIB,CONTRIB,CON_A,单条贡献块,CONTRIB=1,full_sequence
06_TCHES_CHES:paper_04,Exploiting Intermediate Value Leakage in Dilithium: A Template-Based Approach,TCHES/CHES,2023,Introduction,10,BG -> BG -> PROBLEM -> INTERPRET -> INTERPRET -> METHOD -> INTERPRET -> INTERPRET -> INTERPRET -> INTERPRET,BG -> PROBLEM -> INTERPRET -> METHOD -> INTERPRET,INT_A,背景-问题-缺口-任务-贡献型,INTERPRET=6; BG=2; METHOD=1; PROBLEM=1,full_sequence
06_TCHES_CHES:paper_04,Exploiting Intermediate Value Leakage in Dilithium: A Template-Based Approach,TCHES/CHES,2023,Results,10,ORG -> RESULT -> PROBLEM -> METHOD -> ORG -> SETUP -> PROBLEM -> RESULT -> RESULT -> RESULT,ORG -> RESULT -> PROBLEM -> METHOD -> ORG -> SETUP -> PROBLEM -> RESULT,RES_B,结构化实验段型,RESULT=4; ORG=2; PROBLEM=2; METHOD=1; SETUP=1,full_sequence
06_TCHES_CHES:paper_05,HAETAE: Shorter Lattice-Based Fiat-Shamir Signatures,TCHES/CHES,2024,Abstract,6,METHOD -> PROBLEM -> INTERPRET -> RESULT -> RESULT -> SETUP,METHOD -> PROBLEM -> INTERPRET -> RESULT -> SETUP,ABS_A,完整摘要链,RESULT=2; INTERPRET=1; METHOD=1; PROBLEM=1; SETUP=1,full_sequence
06_TCHES_CHES:paper_05,HAETAE: Shorter Lattice-Based Fiat-Shamir Signatures,TCHES/CHES,2024,Contribution,1,CONTRIB,CONTRIB,CON_A,单条贡献块,CONTRIB=1,full_sequence
06_TCHES_CHES:paper_05,HAETAE: Shorter Lattice-Based Fiat-Shamir Signatures,TCHES/CHES,2024,Introduction,11,BG -> BG -> INTERPRET -> RESULT -> INTERPRET -> INTERPRET -> INTERPRET -> INTERPRET -> INTERPRET -> INTERPRET -> INTERPRET,BG -> INTERPRET -> RESULT -> INTERPRET,INT_A,背景-问题-缺口-任务-贡献型,INTERPRET=8; BG=2; RESULT=1,full_sequence
06_TCHES_CHES:paper_05,HAETAE: Shorter Lattice-Based Fiat-Shamir Signatures,TCHES/CHES,2024,Results,1,RESULT,RESULT,RES_X,部分证据型,RESULT=1,partial/notes-derived
06_TCHES_CHES:paper_06,Protecting Dilithium against Leakage,TCHES/CHES,2023,Abstract,6,BG -> INTERPRET -> RESULT -> INTERPRET -> INTERPRET -> BOUNDARY,BG -> INTERPRET -> RESULT -> INTERPRET -> BOUNDARY,ABS_E,压缩/非典型型,INTERPRET=3; BG=1; BOUNDARY=1; RESULT=1,full_sequence
06_TCHES_CHES:paper_06,Protecting Dilithium against Leakage,TCHES/CHES,2023,Contribution,1,CONTRIB,CONTRIB,CON_A,单条贡献块,CONTRIB=1,full_sequence
06_TCHES_CHES:paper_06,Protecting Dilithium against Leakage,TCHES/CHES,2023,Introduction,11,BG -> BG -> PROBLEM -> INTERPRET -> INTERPRET -> INTERPRET -> SETUP -> INTERPRET -> INTERPRET -> INTERPRET -> BOUNDARY,BG -> PROBLEM -> INTERPRET -> SETUP -> INTERPRET -> BOUNDARY,INT_B,背景解释型,INTERPRET=6; BG=2; BOUNDARY=1; PROBLEM=1; SETUP=1,full_sequence
06_TCHES_CHES:paper_06,Protecting Dilithium against Leakage,TCHES/CHES,2023,Results,1,RESULT,RESULT,RES_X,部分证据型,RESULT=1,partial/notes-derived
06_TCHES_CHES:paper_07,Deep Learning Side-Channel Collision Attack,TCHES/CHES,2023,Abstract,9,BG -> GAP -> PROBLEM -> METHOD -> PROBLEM -> GAP -> PROBLEM -> INTERPRET -> SETUP,BG -> GAP -> PROBLEM -> METHOD -> PROBLEM -> GAP -> PROBLEM -> INTERPRET -> SETUP,ABS_E,压缩/非典型型,PROBLEM=3; GAP=2; BG=1; INTERPRET=1; METHOD=1; SETUP=1,full_sequence
06_TCHES_CHES:paper_07,Deep Learning Side-Channel Collision Attack,TCHES/CHES,2023,Contribution,1,CONTRIB,CONTRIB,CON_A,单条贡献块,CONTRIB=1,full_sequence
06_TCHES_CHES:paper_07,Deep Learning Side-Channel Collision Attack,TCHES/CHES,2023,Introduction,12,BG -> BG -> PROBLEM -> INTERPRET -> PROBLEM -> INTERPRET -> INTERPRET -> PROBLEM -> PROBLEM -> SETUP -> INTERPRET -> BOUNDARY,BG -> PROBLEM -> INTERPRET -> PROBLEM -> INTERPRET -> PROBLEM -> SETUP -> INTERPRET -> BOUNDARY,INT_B,背景解释型,INTERPRET=4; PROBLEM=4; BG=2; BOUNDARY=1; SETUP=1,full_sequence
06_TCHES_CHES:paper_07,Deep Learning Side-Channel Collision Attack,TCHES/CHES,2023,Results,10,ORG -> PROBLEM -> RESULT -> SETUP -> PROBLEM -> PROBLEM -> SETUP -> RESULT -> SETUP -> RESULT,ORG -> PROBLEM -> RESULT -> SETUP -> PROBLEM -> SETUP -> RESULT -> SETUP -> RESULT,RES_B,结构化实验段型,PROBLEM=3; RESULT=3; SETUP=3; ORG=1,full_sequence
06_TCHES_CHES:paper_08,RDS: FPGA Routing Delay Sensors for Effective Remote Power Analysis Attacks,TCHES/CHES,2023,Abstract,10,SETUP -> INTERPRET -> INTERPRET -> SETUP -> SETUP -> METHOD -> PROBLEM -> SETUP -> RESULT -> PROBLEM,SETUP -> INTERPRET -> SETUP -> METHOD -> PROBLEM -> SETUP -> RESULT -> PROBLEM,ABS_A,完整摘要链,SETUP=4; INTERPRET=2; PROBLEM=2; METHOD=1; RESULT=1,full_sequence
06_TCHES_CHES:paper_08,RDS: FPGA Routing Delay Sensors for Effective Remote Power Analysis Attacks,TCHES/CHES,2023,Contribution,1,CONTRIB,CONTRIB,CON_A,单条贡献块,CONTRIB=1,full_sequence
06_TCHES_CHES:paper_08,RDS: FPGA Routing Delay Sensors for Effective Remote Power Analysis Attacks,TCHES/CHES,2023,Introduction,12,BG -> PROBLEM -> RESULT -> SETUP -> SETUP -> PROBLEM -> PROBLEM -> INTERPRET -> INTERPRET -> RESULT -> INTERPRET -> INTERPRET,BG -> PROBLEM -> RESULT -> SETUP -> PROBLEM -> INTERPRET -> RESULT -> INTERPRET,INT_A,背景-问题-缺口-任务-贡献型,INTERPRET=4; PROBLEM=3; RESULT=2; SETUP=2; BG=1,full_sequence
06_TCHES_CHES:paper_08,RDS: FPGA Routing Delay Sensors for Effective Remote Power Analysis Attacks,TCHES/CHES,2023,Results,9,ORG -> RESULT -> PROBLEM -> PROBLEM -> SETUP -> ORG -> RESULT -> RESULT -> RESULT,ORG -> RESULT -> PROBLEM -> SETUP -> ORG -> RESULT,RES_B,结构化实验段型,RESULT=4; ORG=2; PROBLEM=2; SETUP=1,full_sequence
06_TCHES_CHES:paper_09,Fiddling the Twiddle Constants - Fault Injection Analysis of the Number Theoretic Transform,TCHES/CHES,2023,Abstract,9,METHOD -> INTERPRET -> RESULT -> INTERPRET -> METHOD -> PROBLEM -> RESULT -> RESULT -> NEED,METHOD -> INTERPRET -> RESULT -> INTERPRET -> METHOD -> PROBLEM -> RESULT -> NEED,ABS_A,完整摘要链,RESULT=3; INTERPRET=2; METHOD=2; NEED=1; PROBLEM=1,full_sequence
06_TCHES_CHES:paper_09,Fiddling the Twiddle Constants - Fault Injection Analysis of the Number Theoretic Transform,TCHES/CHES,2023,Contribution,1,CONTRIB,CONTRIB,CON_A,单条贡献块,CONTRIB=1,full_sequence
06_TCHES_CHES:paper_09,Fiddling the Twiddle Constants - Fault Injection Analysis of the Number Theoretic Transform,TCHES/CHES,2023,Introduction,12,BG -> RESULT -> BG -> INTERPRET -> INTERPRET -> INTERPRET -> INTERPRET -> RESULT -> SETUP -> INTERPRET -> SETUP -> INTERPRET,BG -> RESULT -> BG -> INTERPRET -> RESULT -> SETUP -> INTERPRET -> SETUP -> INTERPRET,INT_A,背景-问题-缺口-任务-贡献型,INTERPRET=6; BG=2; RESULT=2; SETUP=2,full_sequence
06_TCHES_CHES:paper_09,Fiddling the Twiddle Constants - Fault Injection Analysis of the Number Theoretic Transform,TCHES/CHES,2023,Results,1,RESULT,RESULT,RES_X,部分证据型,RESULT=1,partial/notes-derived
06_TCHES_CHES:paper_10,Conditional Variational AutoEncoder based on Stochastic Attacks,TCHES/CHES,2023,Abstract,8,BG -> INTERPRET -> PROBLEM -> SETUP -> METHOD -> METHOD -> RESULT -> BOUNDARY,BG -> INTERPRET -> PROBLEM -> SETUP -> METHOD -> RESULT -> BOUNDARY,ABS_A,完整摘要链,METHOD=2; BG=1; BOUNDARY=1; INTERPRET=1; PROBLEM=1; RESULT=1; SETUP=1,full_sequence
06_TCHES_CHES:paper_10,Conditional Variational AutoEncoder based on Stochastic Attacks,TCHES/CHES,2023,Contribution,1,CONTRIB,CONTRIB,CON_A,单条贡献块,CONTRIB=1,full_sequence
06_TCHES_CHES:paper_10,Conditional Variational AutoEncoder based on Stochastic Attacks,TCHES/CHES,2023,Introduction,12,PROBLEM -> BG -> BG -> INTERPRET -> INTERPRET -> PROBLEM -> INTERPRET -> PROBLEM -> PROBLEM -> INTERPRET -> INTERPRET -> INTERPRET,PROBLEM -> BG -> INTERPRET -> PROBLEM -> INTERPRET -> PROBLEM -> INTERPRET,INT_B,背景解释型,INTERPRET=6; PROBLEM=4; BG=2,full_sequence
06_TCHES_CHES:paper_10,Conditional Variational AutoEncoder based on Stochastic Attacks,TCHES/CHES,2023,Results,10,RESULT -> ORG -> RESULT -> RESULT -> RESULT -> RESULT -> SETUP -> SETUP -> RESULT -> RESULT,RESULT -> ORG -> RESULT -> SETUP -> RESULT,RES_A,设置-多结果-解释型,RESULT=7; SETUP=2; ORG=1,full_sequence
