title,year,cites,doi,oa_url,primary_pdf,topic
BASALISC: Programmable Hardware Accelerator for BGV Fully Homomorphic Encryption,2023,36,https://doi.org/10.46586/tches.v2023.i4.32-57,https://tches.iacr.org/index.php/TCHES/article/download/11157/10596,https://tches.iacr.org/index.php/TCHES/article/download/11157/10596,Cryptography and Data Security; Cryptographic Implementations and Security; Coding theory and cryptography
A Highly-efficient Lattice-based Post-Quantum Cryptography Processor for IoT Applications,2024,33,https://doi.org/10.46586/tches.v2024.i2.130-153,https://tches.iacr.org/index.php/TCHES/article/download/11423/10929,https://tches.iacr.org/index.php/TCHES/article/download/11423/10929,Cryptography and Data Security; Quantum Computing Algorithms and Architecture; Chaos-based Image/Signal Encryption
Pushing the Limits of Generic Side-Channel Attacks on LWE-based KEMs - Parallel PC Oracle Attacks on Kyber KEM and Beyond,2023,29,https://doi.org/10.46586/tches.v2023.i2.418-446,https://tches.iacr.org/index.php/TCHES/article/download/10289/9738,https://tches.iacr.org/index.php/TCHES/article/download/10289/9738,Cryptographic Implementations and Security; Security and Verification in Computing; Advanced Malware Detection Techniques
Exploiting Intermediate Value Leakage in Dilithium: A Template-Based Approach,2023,25,https://doi.org/10.46586/tches.v2023.i4.188-210,https://tches.iacr.org/index.php/TCHES/article/download/11163/10602,https://tches.iacr.org/index.php/TCHES/article/download/11163/10602,Cryptographic Implementations and Security; Physical Unclonable Functions (PUFs) and Hardware Security; Security and Verification in Computing
HAETAE: Shorter Lattice-Based Fiat-Shamir Signatures,2024,24,https://doi.org/10.46586/tches.v2024.i3.25-75,https://tches.iacr.org/index.php/TCHES/article/download/11669/11189,https://tches.iacr.org/index.php/TCHES/article/download/11669/11189,Cryptography and Data Security; Cryptographic Implementations and Security; Security and Verification in Computing
Protecting Dilithium against Leakage,2023,24,https://doi.org/10.46586/tches.v2023.i4.58-79,https://tches.iacr.org/index.php/TCHES/article/download/11158/10597,https://tches.iacr.org/index.php/TCHES/article/download/11158/10597,Cryptographic Implementations and Security; Semiconductor materials and devices; Security and Verification in Computing
Deep Learning Side-Channel Collision Attack,2023,23,https://doi.org/10.46586/tches.v2023.i3.422-444,https://tches.iacr.org/index.php/TCHES/article/download/10969/10276,https://tches.iacr.org/index.php/TCHES/article/download/10969/10276,Cryptographic Implementations and Security; Security and Verification in Computing; Physical Unclonable Functions (PUFs) and Hardware Security
RDS: FPGA Routing Delay Sensors for Effective Remote Power Analysis Attacks,2023,22,https://doi.org/10.46586/tches.v2023.i2.543-567,https://tches.iacr.org/index.php/TCHES/article/download/10293/9743,https://tches.iacr.org/index.php/TCHES/article/download/10293/9743,Physical Unclonable Functions (PUFs) and Hardware Security; Electrostatic Discharge in Electronics; Cryptographic Implementations and Security
Fiddling the Twiddle Constants - Fault Injection Analysis of the Number Theoretic Transform,2023,21,https://doi.org/10.46586/tches.v2023.i2.447-481,https://tches.iacr.org/index.php/TCHES/article/download/10290/9739,https://tches.iacr.org/index.php/TCHES/article/download/10290/9739,Cryptographic Implementations and Security; Chaos-based Image/Signal Encryption; Security and Verification in Computing
Conditional Variational AutoEncoder based on Stochastic Attacks,2023,19,https://doi.org/10.46586/tches.v2023.i2.310-357,https://tches.iacr.org/index.php/TCHES/article/download/10286/9735,https://tches.iacr.org/index.php/TCHES/article/download/10286/9735,Cryptographic Implementations and Security; Chaos-based Image/Signal Encryption; Physical Unclonable Functions (PUFs) and Hardware Security
Low Trace-Count Template Attacks on 32-bit Implementations of ASCON AEAD,2023,17,https://doi.org/10.46586/tches.v2023.i4.344-366,https://tches.iacr.org/index.php/TCHES/article/download/11169/10608,https://tches.iacr.org/index.php/TCHES/article/download/11169/10608,Cryptographic Implementations and Security; Security and Verification in Computing; Advanced Malware Detection Techniques
Quantum Circuit Reconstruction from Power Side-Channel Attacks on Quantum Computer Controllers,2024,16,https://doi.org/10.46586/tches.v2024.i2.735-768,https://tches.iacr.org/index.php/TCHES/article/download/11445/10950,https://tches.iacr.org/index.php/TCHES/article/download/11445/10950,Advancements in Semiconductor Devices and Circuit Design; Physical Unclonable Functions (PUFs) and Hardware Security; Radiation Effects in Electronics
Peek into the Black-Box: Interpretable Neural Network using SAT Equations in Side-Channel Analysis,2023,16,https://doi.org/10.46586/tches.v2023.i2.24-53,https://tches.iacr.org/index.php/TCHES/article/download/10276/9724,https://tches.iacr.org/index.php/TCHES/article/download/10276/9724,Cryptographic Implementations and Security; Digital Media Forensic Detection; Physical Unclonable Functions (PUFs) and Hardware Security
Cache-Timing Attack Against HQC,2023,14,https://doi.org/10.46586/tches.v2023.i3.136-163,https://tches.iacr.org/index.php/TCHES/article/download/10959/10266,https://tches.iacr.org/index.php/TCHES/article/download/10959/10266,Security and Verification in Computing; Cryptographic Implementations and Security; Semiconductor materials and devices
Belief Propagation Meets Lattice Reduction: Security Estimates for Error-Tolerant Key Recovery from Decryption Errors,2023,13,https://doi.org/10.46586/tches.v2023.i4.287-317,https://tches.iacr.org/index.php/TCHES/article/download/11167/10606,https://tches.iacr.org/index.php/TCHES/article/download/11167/10606,Cryptographic Implementations and Security; Radiation Effects in Electronics; Physical Unclonable Functions (PUFs) and Hardware Security
SEV-Step A Single-Stepping Framework for AMD-SEV,2023,12,https://doi.org/10.46586/tches.v2024.i1.180-206,https://tches.iacr.org/index.php/TCHES/article/download/11250/10792,https://tches.iacr.org/index.php/TCHES/article/download/11250/10792,Security and Verification in Computing; Semiconductor materials and devices; Diamond and Carbon-based Materials Research
FalconSign: An Efficient and High-Throughput Hardware Architecture for Falcon Signature Generation,2024,11,https://doi.org/10.46586/tches.v2025.i1.203-226,https://tches.iacr.org/index.php/TCHES/article/download/11927/11786,https://tches.iacr.org/index.php/TCHES/article/download/11927/11786,Parallel Computing and Optimization Techniques; Distributed systems and fault tolerance; Security and Verification in Computing
Silicon Echoes: Non-Invasive Trojan and Tamper Detection using Frequency-Selective Impedance Analysis,2023,11,https://doi.org/10.46586/tches.v2023.i4.238-261,https://tches.iacr.org/index.php/TCHES/article/download/11165/10604,https://tches.iacr.org/index.php/TCHES/article/download/11165/10604,Physical Unclonable Functions (PUFs) and Hardware Security; Integrated Circuits and Semiconductor Failure Analysis; Electrostatic Discharge in Electronics
Loop Aborts Strike Back: Defeating Fault Countermeasures in Lattice Signatures with ILP,2023,11,https://doi.org/10.46586/tches.v2023.i4.367-392,https://tches.iacr.org/index.php/TCHES/article/download/11170/10609,https://tches.iacr.org/index.php/TCHES/article/download/11170/10609,Cryptographic Implementations and Security; Physical Unclonable Functions (PUFs) and Hardware Security
Enabling FrodoKEM on Embedded Devices,2023,11,https://doi.org/10.46586/tches.v2023.i3.74-96,https://tches.iacr.org/index.php/TCHES/article/download/10957/10264,https://tches.iacr.org/index.php/TCHES/article/download/10957/10264,Advanced Memory and Neural Computing; Semiconductor materials and devices; Cryptographic Implementations and Security
High-order masking of NTRU,2023,11,https://doi.org/10.46586/tches.v2023.i2.180-211,https://tches.iacr.org/index.php/TCHES/article/download/10281/9729,https://tches.iacr.org/index.php/TCHES/article/download/10281/9729,Cryptographic Implementations and Security; Physical Unclonable Functions (PUFs) and Hardware Security; Chaos-based Image/Signal Encryption
Optimized Hardware-Software Co-Design for Kyber and Dilithium on RISC-V SoC FPGA,2024,11,https://doi.org/10.46586/tches.v2024.i3.99-135,https://tches.iacr.org/index.php/TCHES/article/download/11671/11191,https://tches.iacr.org/index.php/TCHES/article/download/11671/11191,Cryptography and Data Security; Coding theory and cryptography; Cryptographic Implementations and Security
Thunderbird: Efficient Homomorphic Evaluation of Symmetric Ciphers in 3GPP by combining two modes of TFHE,2024,10,https://doi.org/10.46586/tches.v2024.i3.530-573,https://tches.iacr.org/index.php/TCHES/article/download/11687/11207,https://tches.iacr.org/index.php/TCHES/article/download/11687/11207,Cryptography and Data Security; Cryptographic Implementations and Security; Coding theory and cryptography
Threshold Implementations in Software: Micro-architectural Leakages in Algorithms,2023,10,https://doi.org/10.46586/tches.v2023.i2.155-179,https://tches.iacr.org/index.php/TCHES/article/download/10280/9728,https://tches.iacr.org/index.php/TCHES/article/download/10280/9728,Cryptographic Implementations and Security; Physical Unclonable Functions (PUFs) and Hardware Security; Chaos-based Image/Signal Encryption
Nibbling MAYO: Optimized Implementations for AVX2 and Cortex-M4,2024,10,https://doi.org/10.46586/tches.v2024.i2.252-275,https://tches.iacr.org/index.php/TCHES/article/download/11427/10933,https://tches.iacr.org/index.php/TCHES/article/download/11427/10933,CCD and CMOS Imaging Sensors; Advanced Memory and Neural Computing
CalyPSO: An Enhanced Search Optimization based Framework to Model Delay-based PUFs,2023,9,https://doi.org/10.46586/tches.v2024.i1.501-526,https://tches.iacr.org/index.php/TCHES/article/download/11260/10802,https://tches.iacr.org/index.php/TCHES/article/download/11260/10802,Physical Unclonable Functions (PUFs) and Hardware Security; Integrated Circuits and Semiconductor Failure Analysis; Advanced Memory and Neural Computing
Generalized Power Attacks against Crypto Hardware using Long-Range Deep Learning,2024,9,https://doi.org/10.46586/tches.v2024.i3.472-499,https://tches.iacr.org/index.php/TCHES/article/download/11685/11205,https://tches.iacr.org/index.php/TCHES/article/download/11685/11205,Cryptographic Implementations and Security; Physical Unclonable Functions (PUFs) and Hardware Security; Chaos-based Image/Signal Encryption
Formally verifying Kyber,2023,9,https://doi.org/10.46586/tches.v2023.i3.164-193,https://tches.iacr.org/index.php/TCHES/article/download/10960/10267,https://tches.iacr.org/index.php/TCHES/article/download/10960/10267,Cryptographic Implementations and Security; Cryptography and Data Security; Security and Verification in Computing
1LUTSensor: Detecting FPGA Voltage Fluctuations using LookUp Tables,2023,8,https://doi.org/10.46586/tches.v2024.i1.51-86,https://tches.iacr.org/index.php/TCHES/article/download/11240/10785,https://tches.iacr.org/index.php/TCHES/article/download/11240/10785,Physical Unclonable Functions (PUFs) and Hardware Security; Cryptographic Implementations and Security; Quantum-Dot Cellular Automata
Efficient Regression-Based Linear Discriminant Analysis for Side-Channel Security Evaluations,2023,8,https://doi.org/10.46586/tches.v2023.i3.270-293,https://tches.iacr.org/index.php/TCHES/article/download/10964/10271,https://tches.iacr.org/index.php/TCHES/article/download/10964/10271,Cryptographic Implementations and Security; Advanced Malware Detection Techniques; Physical Unclonable Functions (PUFs) and Hardware Security
Who Watches the Watchers: Attacking Glitch Detection Circuits,2023,8,https://doi.org/10.46586/tches.v2024.i1.157-179,https://tches.iacr.org/index.php/TCHES/article/download/11249/10791,https://tches.iacr.org/index.php/TCHES/article/download/11249/10791,Physical Unclonable Functions (PUFs) and Hardware Security; Cryptographic Implementations and Security; Security and Verification in Computing
TPMScan: A wide-scale study of security-relevant properties of TPM 2.0 chips,2024,7,https://doi.org/10.46586/tches.v2024.i2.714-734,https://tches.iacr.org/index.php/TCHES/article/download/11444/10949,https://tches.iacr.org/index.php/TCHES/article/download/11444/10949,Physical Unclonable Functions (PUFs) and Hardware Security; Security and Verification in Computing
Garbled Circuits from an SCA Perspective,2023,7,https://doi.org/10.46586/tches.v2023.i2.54-79,https://tches.iacr.org/index.php/TCHES/article/download/10277/9725,https://tches.iacr.org/index.php/TCHES/article/download/10277/9725,Physical Unclonable Functions (PUFs) and Hardware Security; Cryptographic Implementations and Security; Security and Verification in Computing
PROLEAD_SW,2023,7,https://doi.org/10.46586/tches.v2023.i3.391-421,https://tches.iacr.org/index.php/TCHES/article/download/10968/10275,https://tches.iacr.org/index.php/TCHES/article/download/10968/10275,Cryptographic Implementations and Security; Security and Verification in Computing; Physical Unclonable Functions (PUFs) and Hardware Security
Prime-Field Masking in Hardware and its Soundness against Low-Noise SCA Attacks,2023,7,https://doi.org/10.46586/tches.v2023.i2.482-518,https://tches.iacr.org/index.php/TCHES/article/download/10291/9741,https://tches.iacr.org/index.php/TCHES/article/download/10291/9741,Cryptographic Implementations and Security; Security and Verification in Computing; Chaos-based Image/Signal Encryption
Efficient ASIC Architecture for Low Latency Classic McEliece Decoding,2024,7,https://doi.org/10.46586/tches.v2024.i2.403-425,https://tches.iacr.org/index.php/TCHES/article/download/11434/10939,https://tches.iacr.org/index.php/TCHES/article/download/11434/10939,Error Correcting Code Techniques; Algorithms and Data Compression; Coding theory and cryptography
JitSCA: Jitter-based Side-Channel Analysis in Picoscale Resolution,2023,7,https://doi.org/10.46586/tches.v2023.i3.294-320,https://tches.iacr.org/index.php/TCHES/article/download/10965/10272,https://tches.iacr.org/index.php/TCHES/article/download/10965/10272,Cryptographic Implementations and Security; Physical Unclonable Functions (PUFs) and Hardware Security; Electrostatic Discharge in Electronics
Smooth Passage with the Guards: Second-Order Hardware Masking of the AES with Low Randomness and Low Latency,2023,7,https://doi.org/10.46586/tches.v2024.i1.309-335,https://tches.iacr.org/index.php/TCHES/article/download/11254/10796,https://tches.iacr.org/index.php/TCHES/article/download/11254/10796,Cryptographic Implementations and Security; Advanced Malware Detection Techniques; Chaos-based Image/Signal Encryption
Revisiting the Computation Analysis against Internal Encodings in White-Box Implementations,2023,7,https://doi.org/10.46586/tches.v2023.i4.493-522,https://tches.iacr.org/index.php/TCHES/article/download/11174/10613,https://tches.iacr.org/index.php/TCHES/article/download/11174/10613,Cryptographic Implementations and Security; Physical Unclonable Functions (PUFs) and Hardware Security; Advanced Malware Detection Techniques
GPU Acceleration for FHEW/TFHE Bootstrapping,2024,6,https://doi.org/10.46586/tches.v2025.i1.314-339,https://tches.iacr.org/index.php/TCHES/article/download/11931/11790,https://tches.iacr.org/index.php/TCHES/article/download/11931/11790,Engineering Applied Research; Internet of Things and Social Network Interactions
Designing a General-Purpose 8-bit (T)FHE Processor Abstraction,2025,6,https://doi.org/10.46586/tches.v2025.i2.535-578,https://tches.iacr.org/index.php/TCHES/article/download/12057/11901,https://tches.iacr.org/index.php/TCHES/article/download/12057/11901,Embedded Systems Design Techniques; Digital Filter Design and Implementation; Parallel Computing and Optimization Techniques
CASA: A Compact and Scalable Accelerator for Approximate Homomorphic Encryption,2024,6,https://doi.org/10.46586/tches.v2024.i2.451-480,https://tches.iacr.org/index.php/TCHES/article/download/11436/10941,https://tches.iacr.org/index.php/TCHES/article/download/11436/10941,Cryptography and Data Security; Cryptographic Implementations and Security; Chaos-based Image/Signal Encryption
ConvKyber: Unleashing the Power of AI Accelerators for Faster Kyber with Novel Iteration-based Approaches,2024,6,https://doi.org/10.46586/tches.v2024.i2.25-63,https://tches.iacr.org/index.php/TCHES/article/download/11420/10923,https://tches.iacr.org/index.php/TCHES/article/download/11420/10923,Distributed and Parallel Computing Systems; Robotics and Automated Systems
All You Need Is Fault: Zero-Value Attacks on AES and a New λ-Detection M&amp;M,2023,5,https://doi.org/10.46586/tches.v2024.i1.133-156,https://tches.iacr.org/index.php/TCHES/article/download/11246/10789,https://tches.iacr.org/index.php/TCHES/article/download/11246/10789,Cryptographic Implementations and Security; Physical Unclonable Functions (PUFs) and Hardware Security; Advanced Malware Detection Techniques
A High-performance NTT/MSM Accelerator for Zero-knowledge Proof Using Load-balanced Fully-pipelined Montgomery Multiplier,2024,5,https://doi.org/10.46586/tches.v2025.i1.275-313,https://tches.iacr.org/index.php/TCHES/article/download/11930/11789,https://tches.iacr.org/index.php/TCHES/article/download/11930/11789,Coding theory and cryptography; Low-power high-performance VLSI design; Cryptography and Residue Arithmetic
Trojan Insertion versus Layout Defenses for Modern ICs: Red-versus-Blue Teaming in a Competitive Community Effort,2024,5,https://doi.org/10.46586/tches.v2025.i1.37-77,https://tosc.iacr.org/index.php/TCHES/article/download/11921/11779,https://tosc.iacr.org/index.php/TCHES/article/download/11921/11779,Physical Unclonable Functions (PUFs) and Hardware Security; VLSI and Analog Circuit Testing; Integrated Circuits and Semiconductor Failure Analysis
OT-PCA: New Key-Recovery Plaintext-Checking Oracle Based Side-Channel Attacks on HQC with Offline Templates,2024,5,https://doi.org/10.46586/tches.v2025.i1.251-274,https://tosc.iacr.org/index.php/TCHES/article/download/11929/11788,https://tosc.iacr.org/index.php/TCHES/article/download/11929/11788,Security and Verification in Computing; Cryptographic Implementations and Security; Cryptography and Data Security
Weakly Profiling Side-channel Analysis,2024,5,https://doi.org/10.46586/tches.v2024.i3.707-730,https://tosc.iacr.org/index.php/TCHES/article/download/11901/11738,https://tosc.iacr.org/index.php/TCHES/article/download/11901/11738,Cryptographic Implementations and Security; Security and Verification in Computing; Advanced Malware Detection Techniques
Bake It Till You Make It,2024,5,https://doi.org/10.46586/tches.v2024.i4.569-609,https://tches.iacr.org/index.php/TCHES/article/download/11803/11308,https://tches.iacr.org/index.php/TCHES/article/download/11803/11308,Physical Unclonable Functions (PUFs) and Hardware Security; Cryptographic Implementations and Security; Security and Verification in Computing
PMFault: Faulting and Bricking Server CPUs through Management Interfaces,2023,5,https://doi.org/10.46586/tches.v2023.i2.1-23,https://tches.iacr.org/index.php/TCHES/article/download/10275/9723,https://tches.iacr.org/index.php/TCHES/article/download/10275/9723,Security and Verification in Computing; Advanced Malware Detection Techniques; Physical Unclonable Functions (PUFs) and Hardware Security
FaultMeter: Quantitative Fault Attack Assessment of Block Cipher Software,2023,5,https://doi.org/10.46586/tches.v2023.i2.212-240,https://tches.iacr.org/index.php/TCHES/article/download/10282/9730,https://tches.iacr.org/index.php/TCHES/article/download/10282/9730,Cryptographic Implementations and Security; Advanced Malware Detection Techniques; Security and Verification in Computing
Blind-Folded: Simple Power Analysis Attacks using Data with a Single Trace and no Training,2024,4,https://doi.org/10.46586/tches.v2025.i1.475-496,https://doi.org/10.46586/tches.v2025.i1.475-496,,Low-power high-performance VLSI design; Advancements in Semiconductor Devices and Circuit Design; Advanced Malware Detection Techniques
VeloFHE: GPU Acceleration for FHEW and TFHE Bootstrapping,2025,4,https://doi.org/10.46586/tches.v2025.i3.81-114,https://ojs.ub.rub.de/index.php/TCHES/article/download/12211/12018,https://ojs.ub.rub.de/index.php/TCHES/article/download/12211/12018,Internet of Things and Social Network Interactions
Faster Bootstrapping via Modulus Raising and Composite NTT,2023,4,https://doi.org/10.46586/tches.v2024.i1.563-591,https://tches.iacr.org/index.php/TCHES/article/download/11262/10804,https://tches.iacr.org/index.php/TCHES/article/download/11262/10804,Coding theory and cryptography; Cryptographic Implementations and Security; Algorithms and Data Compression
Efficient Private Circuits with Precomputation,2023,4,https://doi.org/10.46586/tches.v2023.i2.286-309,https://tches.iacr.org/index.php/TCHES/article/download/10285/9733,https://tches.iacr.org/index.php/TCHES/article/download/10285/9733,Cryptographic Implementations and Security; Cryptography and Data Security; Security and Verification in Computing
Sieving with Streaming Memory Access,2025,4,https://doi.org/10.46586/tches.v2025.i2.362-384,https://tches.iacr.org/index.php/TCHES/article/download/12051/11895,https://tches.iacr.org/index.php/TCHES/article/download/12051/11895,Parallel Computing and Optimization Techniques
Optimized One-Dimensional SQIsign Verification on Intel and Cortex-M4,2024,4,https://doi.org/10.46586/tches.v2025.i1.497-522,https://ojs.ub.ruhr-uni-bochum.de/index.php/TCHES/article/download/11938/11797,https://ojs.ub.ruhr-uni-bochum.de/index.php/TCHES/article/download/11938/11797,Quantum Computing Algorithms and Architecture; Parallel Computing and Optimization Techniques; Cryptography and Data Security
TeeJam: Sub-Cache-Line Leakages Strike Back,2023,4,https://doi.org/10.46586/tches.v2024.i1.457-500,https://tches.iacr.org/index.php/TCHES/article/download/11259/10801,https://tches.iacr.org/index.php/TCHES/article/download/11259/10801,Security and Verification in Computing; Advanced Malware Detection Techniques; Cryptographic Implementations and Security
Masking FALCON’s Floating-Point Multiplication in Hardware,2024,4,https://doi.org/10.46586/tches.v2024.i4.483-508,https://tches.iacr.org/index.php/TCHES/article/download/11800/11305,https://tches.iacr.org/index.php/TCHES/article/download/11800/11305,Numerical Methods and Algorithms; Digital Filter Design and Implementation; Parallel Computing and Optimization Techniques
Trace Copilot: Automatically Locating Cryptographic Operations in Side-Channel Traces by Firmware Binary Instrumenting,2024,4,https://doi.org/10.46586/tches.v2025.i1.128-159,https://metalla.org/index.php/TCHES/article/download/11925/11784,https://metalla.org/index.php/TCHES/article/download/11925/11784,Cryptographic Implementations and Security; Security and Verification in Computing; Advanced Malware Detection Techniques
OPTIMSM: FPGA hardware accelerator for Zero-Knowledge MSM,2025,3,https://doi.org/10.46586/tches.v2025.i2.489-510,https://tches.iacr.org/index.php/TCHES/article/download/12055/11899,https://tches.iacr.org/index.php/TCHES/article/download/12055/11899,Advanced Memory and Neural Computing; Advanced Neural Network Applications; Industrial Vision Systems and Defect Detection
SoK: FHE-Friendly Symmetric Ciphers and Transciphering,2025,3,https://doi.org/10.46586/tches.v2025.i3.583-613,https://ojs.ub.rub.de/index.php/TCHES/article/download/12228/12035,https://ojs.ub.rub.de/index.php/TCHES/article/download/12228/12035,Coding theory and cryptography
Masking-Friendly Post-Quantum Signatures in the Threshold-Computation-in-the-Head Framework,2025,3,https://doi.org/10.46586/tches.v2025.i4.667-710,https://tches.iacr.org/index.php/TCHES/article/download/12425/12153,https://tches.iacr.org/index.php/TCHES/article/download/12425/12153,Cryptographic Implementations and Security; Cryptography and Data Security; Security and Verification in Computing
Multi-Value Plaintext-Checking and Full-Decryption Oracle-Based Attacks on HQC from Offline Templates,2025,3,https://doi.org/10.46586/tches.v2025.i4.254-289,https://tches.iacr.org/index.php/TCHES/article/download/12410/12139,https://tches.iacr.org/index.php/TCHES/article/download/12410/12139,Cryptography and Data Security; Cryptographic Implementations and Security; Security and Verification in Computing
How Secure is Exponent-blinded RSA–CRT with Sliding Window Exponentiation?,2023,3,https://doi.org/10.46586/tches.v2023.i2.241-269,https://tches.iacr.org/index.php/TCHES/article/download/10283/9731,https://tches.iacr.org/index.php/TCHES/article/download/10283/9731,Advanced Data Storage Technologies; Security and Verification in Computing; Semiconductor materials and devices
White-box filtering attacks breaking SEL masking: from exponential to polynomial time,2024,3,https://doi.org/10.46586/tches.v2024.i3.1-24,https://tches.iacr.org/index.php/TCHES/article/download/11668/11188,https://tches.iacr.org/index.php/TCHES/article/download/11668/11188,Cryptographic Implementations and Security; Physical Unclonable Functions (PUFs) and Hardware Security; Advanced Malware Detection Techniques
HIPR: Hardware IP Protection through Low-Overhead Fine-Grain Redaction,2025,3,https://doi.org/10.46586/tches.v2025.i3.781-805,https://ojs.ub.rub.de/index.php/TCHES/article/download/12236/12047,https://ojs.ub.rub.de/index.php/TCHES/article/download/12236/12047,Physical Unclonable Functions (PUFs) and Hardware Security; VLSI and Analog Circuit Testing; Electrostatic Discharge in Electronics
Improved Circuit Synthesis with Multi-Value Bootstrapping for FHEW-like Schemes,2024,3,https://doi.org/10.46586/tches.v2024.i4.633-656,https://tches.iacr.org/index.php/TCHES/article/download/11805/11310,https://tches.iacr.org/index.php/TCHES/article/download/11805/11310,VLSI and FPGA Design Techniques; Radio Frequency Integrated Circuit Design; Low-power high-performance VLSI design
Carry-based Differential Power Analysis (CDPA) and its Application to Attacking HMAC-SHA-2,2023,3,https://doi.org/10.46586/tches.v2023.i3.1-29,https://tches.iacr.org/index.php/TCHES/article/download/10955/10262,https://tches.iacr.org/index.php/TCHES/article/download/10955/10262,Cryptographic Implementations and Security; Physical Unclonable Functions (PUFs) and Hardware Security; Chaos-based Image/Signal Encryption
Efficient and Composable Masked AES S-Box Designs Using Optimized Inverters,2024,3,https://doi.org/10.46586/tches.v2025.i1.656-683,https://tosc.iacr.org/index.php/TCHES/article/download/11942/11802,https://tosc.iacr.org/index.php/TCHES/article/download/11942/11802,Quantum-Dot Cellular Automata; Low-power high-performance VLSI design; Advancements in Semiconductor Devices and Circuit Design
Secure and efficient transciphering for FHE-based MPC,2025,3,https://doi.org/10.46586/tches.v2025.i3.745-780,https://ojs.ub.rub.de/index.php/TCHES/article/download/12235/12046,https://ojs.ub.rub.de/index.php/TCHES/article/download/12235/12046,Parallel Computing and Optimization Techniques; Advanced Data Storage Technologies; Interconnection Networks and Systems
Impeccable Keccak,2024,3,https://doi.org/10.46586/tches.v2024.i2.154-189,https://tches.iacr.org/index.php/TCHES/article/download/11424/10930,https://tches.iacr.org/index.php/TCHES/article/download/11424/10930,Cryptographic Implementations and Security; Physical Unclonable Functions (PUFs) and Hardware Security; Security and Verification in Computing
PoMMES: Prevention of Micro-architectural Leakages in Masked Embedded Software,2024,3,https://doi.org/10.46586/tches.v2024.i3.342-376,https://doi.org/10.46586/tches.v2024.i3.342-376,,Advanced Malware Detection Techniques; Security and Verification in Computing; Digital and Cyber Forensics
Fault-Resistant Partitioning of Secure CPUs for System Co-Verification against Faults,2024,3,https://doi.org/10.46586/tches.v2024.i4.179-204,https://tches.iacr.org/index.php/TCHES/article/download/11788/11294,https://tches.iacr.org/index.php/TCHES/article/download/11788/11294,Embedded Systems Design Techniques; Real-Time Systems Scheduling; Distributed systems and fault tolerance
High-assurance zeroization,2023,3,https://doi.org/10.46586/tches.v2024.i1.375-397,https://tches.iacr.org/index.php/TCHES/article/download/11256/10798,https://tches.iacr.org/index.php/TCHES/article/download/11256/10798,Security and Verification in Computing; Advanced Malware Detection Techniques; Cryptographic Implementations and Security
BASTION: A Framework for Secure Third-Party IP Integration in NoC-based SoC Platforms,2025,2,https://doi.org/10.46586/tches.v2025.i4.317-340,https://tches.iacr.org/index.php/TCHES/article/download/12412/12141,https://tches.iacr.org/index.php/TCHES/article/download/12412/12141,Physical Unclonable Functions (PUFs) and Hardware Security; Security and Verification in Computing; Interconnection Networks and Systems
Prover - Toward More Efficient Formal Verification of Masking in Probing Model,2024,2,https://doi.org/10.46586/tches.v2025.i1.552-585,https://tosc.iacr.org/index.php/TCHES/article/download/11939/11799,https://tosc.iacr.org/index.php/TCHES/article/download/11939/11799,Software Testing and Debugging Techniques; Digital Rights Management and Security; Model-Driven Software Engineering Techniques
Combined Threshold Implementation,2024,2,https://doi.org/10.46586/tches.v2024.i4.307-334,https://tches.iacr.org/index.php/TCHES/article/download/11794/11299,https://tches.iacr.org/index.php/TCHES/article/download/11794/11299,Physical Unclonable Functions (PUFs) and Hardware Security; Cryptographic Implementations and Security; Security and Verification in Computing
OBSCURE: Versatile Software Obfuscation from a Lightweight Secure Element,2024,2,https://doi.org/10.46586/tches.v2024.i2.588-629,https://tches.iacr.org/index.php/TCHES/article/download/11440/10945,https://tches.iacr.org/index.php/TCHES/article/download/11440/10945,Advanced Malware Detection Techniques; Security and Verification in Computing; Physical Unclonable Functions (PUFs) and Hardware Security
SDitH in Hardware,2024,2,https://doi.org/10.46586/tches.v2024.i2.215-251,https://tches.iacr.org/index.php/TCHES/article/download/11426/10932,https://tches.iacr.org/index.php/TCHES/article/download/11426/10932,Parallel Computing and Optimization Techniques; Embedded Systems Design Techniques
1/0 Shades of UC: Photonic Side-Channel Analysis of Universal Circuits,2024,2,https://doi.org/10.46586/tches.v2024.i3.574-602,https://tches.iacr.org/index.php/TCHES/article/download/11688/11208,https://tches.iacr.org/index.php/TCHES/article/download/11688/11208,Physical Unclonable Functions (PUFs) and Hardware Security; Integrated Circuits and Semiconductor Failure Analysis; Adversarial Robustness in Machine Learning
"Unlock the Door to my Secrets, but don’t Forget to Glitch",2024,2,https://doi.org/10.46586/tches.v2024.i2.88-129,https://tches.iacr.org/index.php/TCHES/article/download/11422/10927,https://tches.iacr.org/index.php/TCHES/article/download/11422/10927,Security and Verification in Computing; Digital and Cyber Forensics; Advanced Data Storage Technologies
TESLA: Trusted Execution Support for Legacy Embedded Applications,2025,2,https://doi.org/10.46586/tches.v2025.i4.899-924,https://tches.iacr.org/index.php/TCHES/article/download/12433/12161,https://tches.iacr.org/index.php/TCHES/article/download/12433/12161,Security and Verification in Computing; Cloud Data Security Solutions; Distributed systems and fault tolerance
Fault Attacks on ECC Signature Verification,2025,2,https://doi.org/10.46586/tches.v2025.i4.1010-1052,https://tches.iacr.org/index.php/TCHES/article/download/12436/12164,https://tches.iacr.org/index.php/TCHES/article/download/12436/12164,VLSI and Analog Circuit Testing; Physical Unclonable Functions (PUFs) and Hardware Security; Security and Verification in Computing
REED: Chiplet-based Accelerator for Fully Homomorphic Encryption,2025,2,https://doi.org/10.46586/tches.v2025.i2.163-208,https://tches.iacr.org/index.php/TCHES/article/download/12045/11889,https://tches.iacr.org/index.php/TCHES/article/download/12045/11889,Chaos-based Image/Signal Encryption; Advanced Data Storage Technologies; Cryptographic Implementations and Security
CrISA-X: Unleashing Performance Excellence in Lightweight Symmetric Cryptography for Extendable and Deeply Embedded Processors,2024,2,https://doi.org/10.46586/tches.v2024.i3.377-417,https://tches.iacr.org/index.php/TCHES/article/download/11682/11202,https://tches.iacr.org/index.php/TCHES/article/download/11682/11202,Cryptographic Implementations and Security; Coding theory and cryptography; Chaos-based Image/Signal Encryption
A Deep Analysis of two Glitch-Free Hardware Masking Schemes SESYM and LMDPL,2024,2,https://doi.org/10.46586/tches.v2024.i3.76-98,https://tches.iacr.org/index.php/TCHES/article/download/11670/11190,https://tches.iacr.org/index.php/TCHES/article/download/11670/11190,Cryptographic Implementations and Security; Physical Unclonable Functions (PUFs) and Hardware Security; Security and Verification in Computing
Fast Transciphering Via Batched And Reconfigurable LUT Evaluation,2024,2,https://doi.org/10.46586/tches.v2024.i4.205-230,https://tches.iacr.org/index.php/TCHES/article/download/11789/11295,https://tches.iacr.org/index.php/TCHES/article/download/11789/11295,Semiconductor materials and devices; VLSI and Analog Circuit Testing; Silicon and Solar Cell Technologies
Laser-Based Command Injection Attacks on Voice-Controlled Microphone Arrays,2024,2,https://doi.org/10.46586/tches.v2024.i2.654-676,https://tches.iacr.org/index.php/TCHES/article/download/11442/10947,https://tches.iacr.org/index.php/TCHES/article/download/11442/10947,Digital Media Forensic Detection; Physical Unclonable Functions (PUFs) and Hardware Security; Electrostatic Discharge in Electronics
StaTI: Protecting against Fault Attacks Using Stable Threshold Implementations,2023,2,https://doi.org/10.46586/tches.v2024.i1.229-263,https://tches.iacr.org/index.php/TCHES/article/download/11252/10794,https://tches.iacr.org/index.php/TCHES/article/download/11252/10794,Cryptographic Implementations and Security; Physical Unclonable Functions (PUFs) and Hardware Security; Coding theory and cryptography
Low-Latency Masked Gadgets Robust against Physical Defaults with Application to Ascon,2024,2,https://doi.org/10.46586/tches.v2024.i3.603-633,https://tches.iacr.org/index.php/TCHES/article/download/11689/11209,https://tches.iacr.org/index.php/TCHES/article/download/11689/11209,Cryptographic Implementations and Security; Physical Unclonable Functions (PUFs) and Hardware Security; Chaos-based Image/Signal Encryption
TFHE Gets Real: an Efficient and Flexible Homomorphic Floating-Point Arithmetic,2025,2,https://doi.org/10.46586/tches.v2025.i2.126-162,https://tches.iacr.org/index.php/TCHES/article/download/12044/11888,https://tches.iacr.org/index.php/TCHES/article/download/12044/11888,Numerical Methods and Algorithms; Digital Filter Design and Implementation
Sharing the Mask: TFHE Bootstrapping on Packed Messages,2025,1,https://doi.org/10.46586/tches.v2025.i4.925-971,https://tches.iacr.org/index.php/TCHES/article/download/12434/12162,https://tches.iacr.org/index.php/TCHES/article/download/12434/12162,Cryptography and Data Security; Cryptographic Implementations and Security; Coding theory and cryptography
VIMA: A Privacy-Preserving Integrity Measurement Architecture for Containerized Environments,2025,1,https://doi.org/10.46586/tches.v2025.i4.1053-1076,https://tches.iacr.org/index.php/TCHES/article/download/12437/12165,https://tches.iacr.org/index.php/TCHES/article/download/12437/12165,Cloud Data Security Solutions; Security and Verification in Computing; Advanced Malware Detection Techniques
Another Evidence to not Employ Customized Masked Hardware,2024,1,https://doi.org/10.46586/tches.v2024.i4.133-155,https://tches.iacr.org/index.php/TCHES/article/download/11786/11292,https://tches.iacr.org/index.php/TCHES/article/download/11786/11292,Digital Games and Media
Efficient Table-Based Masking with Pre-processing,2024,1,https://doi.org/10.46586/tches.v2024.i3.273-301,https://tches.iacr.org/index.php/TCHES/article/download/11679/11199,https://tches.iacr.org/index.php/TCHES/article/download/11679/11199,Cryptographic Implementations and Security; Advanced Malware Detection Techniques; Security and Verification in Computing
ToFA: Towards Fault Analysis of GIFT and GIFT-like Ciphers Leveraging Truncated Impossible Differentials,2025,1,https://doi.org/10.46586/tches.v2025.i3.614-643,https://ojs.ub.rub.de/index.php/TCHES/article/download/12237/12048,https://ojs.ub.rub.de/index.php/TCHES/article/download/12237/12048,Cryptographic Implementations and Security; Physical Unclonable Functions (PUFs) and Hardware Security; VLSI and Analog Circuit Testing
A TRAP for SAT: On the Imperviousness of a Transistor-Level Programmable Fabric to Satisfiability-Based Attacks,2025,1,https://doi.org/10.46586/tches.v2025.i2.579-603,https://tches.iacr.org/index.php/TCHES/article/download/12058/11902,https://tches.iacr.org/index.php/TCHES/article/download/12058/11902,Physical Unclonable Functions (PUFs) and Hardware Security; Embedded Systems Design Techniques; Radiation Effects in Electronics
A Closer Look at the Chaotic Ring Oscillators based TRNG Design,2023,1,https://doi.org/10.46586/tches.v2023.i2.381-417,https://tches.iacr.org/index.php/TCHES/article/download/10288/9737,https://tches.iacr.org/index.php/TCHES/article/download/10288/9737,Physical Unclonable Functions (PUFs) and Hardware Security; Cryptographic Implementations and Security; Chaos-based Image/Signal Encryption
Prime Masking vs. Faults - Exponential Security Amplification against Selected Classes of Attacks,2024,1,https://doi.org/10.46586/tches.v2024.i4.690-736,https://tches.iacr.org/index.php/TCHES/article/download/11807/11312,https://tches.iacr.org/index.php/TCHES/article/download/11807/11312,Cryptographic Implementations and Security; Cryptography and Data Security; Physical Unclonable Functions (PUFs) and Hardware Security
Gadget-based Masking of Streamlined NTRU Prime Decapsulation in Hardware,2023,1,https://doi.org/10.46586/tches.v2024.i1.1-26,https://tches.iacr.org/index.php/TCHES/article/download/11238/10783,https://tches.iacr.org/index.php/TCHES/article/download/11238/10783,Cryptographic Implementations and Security; Cryptography and Data Security; Chaos-based Image/Signal Encryption
Unboxing ARX-Based White-Box Ciphers: Chosen-Plaintext Computation Analysis and Its Applications,2024,1,https://doi.org/10.46586/tches.v2024.i3.634-670,https://tches.iacr.org/index.php/TCHES/article/download/11690/11210,https://tches.iacr.org/index.php/TCHES/article/download/11690/11210,Cryptographic Implementations and Security; Physical Unclonable Functions (PUFs) and Hardware Security; Advanced Malware Detection Techniques
FINAL bootstrap acceleration on FPGA using DSP-free constant-multiplier NTTs,2025,1,https://doi.org/10.46586/tches.v2025.i3.293-316,https://ojs.ub.rub.de/index.php/TCHES/article/download/12218/12025,https://ojs.ub.rub.de/index.php/TCHES/article/download/12218/12025,Embedded Systems Design Techniques; Parallel Computing and Optimization Techniques; Numerical Methods and Algorithms
A Code-Based ISE to Protect Boolean Masking in Software,2025,1,https://doi.org/10.46586/tches.v2025.i2.293-332,https://tches.iacr.org/index.php/TCHES/article/download/12049/11893,https://tches.iacr.org/index.php/TCHES/article/download/12049/11893,Advanced Malware Detection Techniques; Security and Verification in Computing; Physical Unclonable Functions (PUFs) and Hardware Security
SAT-based Formal Verification of Fault Injection Countermeasures for Cryptographic Circuits,2024,1,https://doi.org/10.46586/tches.v2024.i4.1-39,https://tches.iacr.org/index.php/TCHES/article/download/11782/11288,https://tches.iacr.org/index.php/TCHES/article/download/11782/11288,Physical Unclonable Functions (PUFs) and Hardware Security; Cryptographic Implementations and Security; Security and Verification in Computing
A Fast Heuristic for Mapping Boolean Circuits to Functional Bootstrapping,2025,1,https://doi.org/10.46586/tches.v2025.i4.621-643,https://tches.iacr.org/index.php/TCHES/article/download/12423/12151,https://tches.iacr.org/index.php/TCHES/article/download/12423/12151,Security and Verification in Computing; Advanced Malware Detection Techniques; Cryptography and Data Security
Quantile: Quantifying Information Leakage,2023,1,https://doi.org/10.46586/tches.v2024.i1.433-456,https://tches.iacr.org/index.php/TCHES/article/download/11258/10800,https://tches.iacr.org/index.php/TCHES/article/download/11258/10800,Cryptographic Implementations and Security; Physical Unclonable Functions (PUFs) and Hardware Security; Advancements in Semiconductor Devices and Circuit Design
Automated Generation of Fault-Resistant Circuits,2024,1,https://doi.org/10.46586/tches.v2024.i3.136-173,https://tches.iacr.org/index.php/TCHES/article/download/11672/11192,https://tches.iacr.org/index.php/TCHES/article/download/11672/11192,VLSI and Analog Circuit Testing; Radiation Effects in Electronics; Integrated Circuits and Semiconductor Failure Analysis
Pasta: A Case for Hybrid Homomorphic Encryption,2023,52,https://doi.org/10.46586/tches.v2023.i3.30-73,https://tches.iacr.org/index.php/TCHES/article/download/10956/10263,https://tches.iacr.org/index.php/TCHES/article/download/10956/10263,Cryptographic Implementations and Security; Cryptography and Data Security; Coding theory and cryptography
EstraNet: An Efficient Shift-Invariant Transformer Network for Side-Channel Analysis,2023,31,https://doi.org/10.46586/tches.v2024.i1.336-374,https://tches.iacr.org/index.php/TCHES/article/download/11255/10797,https://tches.iacr.org/index.php/TCHES/article/download/11255/10797,Cryptographic Implementations and Security; Antimicrobial Resistance in Staphylococcus; Electrostatic Discharge in Electronics
Multiple-Valued Plaintext-Checking Side-Channel Attacks on Post-Quantum KEMs,2023,31,https://doi.org/10.46586/tches.v2023.i3.473-503,https://tches.iacr.org/index.php/TCHES/article/download/10971/10278,https://tches.iacr.org/index.php/TCHES/article/download/10971/10278,Cryptographic Implementations and Security; Cryptography and Residue Arithmetic; Coding theory and cryptography
cuZK: Accelerating Zero-Knowledge Proof with A Faster Parallel Multi-Scalar Multiplication Algorithm on GPUs,2023,30,https://doi.org/10.46586/tches.v2023.i3.194-220,https://tches.iacr.org/index.php/TCHES/article/download/10961/10268,https://tches.iacr.org/index.php/TCHES/article/download/10961/10268,Cryptography and Data Security; Cryptography and Residue Arithmetic; Complexity and Algorithms in Graphs
Improved Gadgets for the High-Order Masking of Dilithium,2023,25,https://doi.org/10.46586/tches.v2023.i4.110-145,https://tches.iacr.org/index.php/TCHES/article/download/11160/10599,https://tches.iacr.org/index.php/TCHES/article/download/11160/10599,Cryptographic Implementations and Security; Chaos-based Image/Signal Encryption; Coding theory and cryptography
Carry Your Fault: A Fault Propagation Attack on Side-Channel Protected LWE-based KEM,2024,17,https://doi.org/10.46586/tches.v2024.i2.844-869,https://tches.iacr.org/index.php/TCHES/article/download/11449/10954,https://tches.iacr.org/index.php/TCHES/article/download/11449/10954,Electrostatic Discharge in Electronics; Radiation Effects in Electronics; Cryptographic Implementations and Security
Oil and Vinegar: Modern Parameters and Implementations,2023,17,https://doi.org/10.46586/tches.v2023.i3.321-365,https://tches.iacr.org/index.php/TCHES/article/download/10966/10273,https://tches.iacr.org/index.php/TCHES/article/download/10966/10273,Cryptographic Implementations and Security; Coding theory and cryptography; Cryptography and Data Security
On Protecting SPHINCS+ Against Fault Attacks,2023,17,https://doi.org/10.46586/tches.v2023.i2.80-114,https://tches.iacr.org/index.php/TCHES/article/download/10278/9726,https://tches.iacr.org/index.php/TCHES/article/download/10278/9726,Cryptography and Data Security; Cloud Data Security Solutions; Distributed systems and fault tolerance
Separating Oil and Vinegar with a Single Trace,2023,16,https://doi.org/10.46586/tches.v2023.i3.221-245,https://tches.iacr.org/index.php/TCHES/article/download/10962/10269,https://tches.iacr.org/index.php/TCHES/article/download/10962/10269,Cryptographic Implementations and Security; Chaos-based Image/Signal Encryption; Polynomial and algebraic computation
Faster Montgomery multiplication and Multi-Scalar-Multiplication for SNARKs,2023,14,https://doi.org/10.46586/tches.v2023.i3.504-521,https://tches.iacr.org/index.php/TCHES/article/download/10972/10279,https://tches.iacr.org/index.php/TCHES/article/download/10972/10279,Coding theory and cryptography; Cryptography and Residue Arithmetic; Polynomial and algebraic computation
Fast and Accurate: Efficient Full-Domain Functional Bootstrap and Digit Decomposition for Homomorphic Computation,2023,14,https://doi.org/10.46586/tches.v2024.i1.592-616,https://tches.iacr.org/index.php/TCHES/article/download/11263/10805,https://tches.iacr.org/index.php/TCHES/article/download/11263/10805,Cryptography and Data Security; Advanced Data Storage Technologies; Ferroelectric and Negative Capacitance Devices
KyberSlash: Exploiting secret-dependent division timings in Kyber implementations,2025,14,https://doi.org/10.46586/tches.v2025.i2.209-234,https://tches.iacr.org/index.php/TCHES/article/download/12046/11890,https://tches.iacr.org/index.php/TCHES/article/download/12046/11890,Peer-to-Peer Network Technologies; Advanced Malware Detection Techniques; Caching and Content Delivery
Revisiting Keccak and Dilithium Implementations on ARMv7-M,2024,13,https://doi.org/10.46586/tches.v2024.i2.1-24,https://tches.iacr.org/index.php/TCHES/article/download/11419/10922,https://tches.iacr.org/index.php/TCHES/article/download/11419/10922,Radiation Effects in Electronics
Exploiting Small-Norm Polynomial Multiplication with Physical Attacks,2024,13,https://doi.org/10.46586/tches.v2024.i2.359-383,https://tches.iacr.org/index.php/TCHES/article/download/11432/10937,https://tches.iacr.org/index.php/TCHES/article/download/11432/10937,Cryptography and Residue Arithmetic; Coding theory and cryptography; Polynomial and algebraic computation
Speeding Up Multi-Scalar Multiplication over Fixed Points Towards Efficient zkSNARKs,2023,12,https://doi.org/10.46586/tches.v2023.i2.358-380,https://tches.iacr.org/index.php/TCHES/article/download/10287/9736,https://tches.iacr.org/index.php/TCHES/article/download/10287/9736,Cryptography and Residue Arithmetic; Cryptography and Data Security
From MLWE to RLWE: A Differential Fault Attack on Randomized &amp; Deterministic Dilithium,2023,10,https://doi.org/10.46586/tches.v2023.i4.262-286,https://tches.iacr.org/index.php/TCHES/article/download/11166/10605,https://tches.iacr.org/index.php/TCHES/article/download/11166/10605,Cryptographic Implementations and Security; Cryptography and Data Security; Coding theory and cryptography
Improved High-Order Masked Generation of Masking Vector and Rejection Sampling in Dilithium,2024,10,https://doi.org/10.46586/tches.v2024.i4.335-354,https://tches.iacr.org/index.php/TCHES/article/download/11795/11300,https://tches.iacr.org/index.php/TCHES/article/download/11795/11300,Terahertz technology and applications; Photorefractive and Nonlinear Optics; Laser-Matter Interactions and Applications
Areion: Highly-Efficient Permutations and Its Applications to Hash Functions for Short Input,2023,10,https://doi.org/10.46586/tches.v2023.i2.115-154,https://tches.iacr.org/index.php/TCHES/article/download/10279/9727,https://tches.iacr.org/index.php/TCHES/article/download/10279/9727,Caching and Content Delivery; Advanced Data Storage Technologies; Cryptographic Implementations and Security
ModHE: Modular Homomorphic Encryption Using Module Lattices,2023,10,https://doi.org/10.46586/tches.v2024.i1.527-562,https://tches.iacr.org/index.php/TCHES/article/download/11261/10803,https://tches.iacr.org/index.php/TCHES/article/download/11261/10803,Cryptography and Data Security; Complexity and Algorithms in Graphs; Coding theory and cryptography
Information Bounds and Convergence Rates for Side-Channel Security Evaluators,2023,9,https://doi.org/10.46586/tches.v2023.i3.522-569,https://tches.iacr.org/index.php/TCHES/article/download/10973/10280,https://tches.iacr.org/index.php/TCHES/article/download/10973/10280,Cryptographic Implementations and Security; Chaos-based Image/Signal Encryption; Coding theory and cryptography
Defeating Low-Cost Countermeasures against Side-Channel Attacks in Lattice-based Encryption,2024,9,https://doi.org/10.46586/tches.v2024.i2.795-818,https://tches.iacr.org/index.php/TCHES/article/download/11447/10952,https://tches.iacr.org/index.php/TCHES/article/download/11447/10952,Cryptographic Implementations and Security; Chaos-based Image/Signal Encryption; Cryptography and Data Security
Efficient Algorithms for Large Prime Characteristic Fields and Their Application to Bilinear Pairings,2023,9,https://doi.org/10.46586/tches.v2023.i3.445-472,https://tches.iacr.org/index.php/TCHES/article/download/10970/10277,https://tches.iacr.org/index.php/TCHES/article/download/10970/10277,Cryptography and Residue Arithmetic
Single trace HQC shared key recovery with SASCA,2024,9,https://doi.org/10.46586/tches.v2024.i2.64-87,https://tches.iacr.org/index.php/TCHES/article/download/11421/10926,https://tches.iacr.org/index.php/TCHES/article/download/11421/10926,Distributed systems and fault tolerance
Kavach: Lightweight masking techniques for polynomial arithmetic in lattice-based cryptography,2023,8,https://doi.org/10.46586/tches.v2023.i3.366-390,https://tches.iacr.org/index.php/TCHES/article/download/10967/10274,https://tches.iacr.org/index.php/TCHES/article/download/10967/10274,Cryptography and Data Security; Cryptography and Residue Arithmetic; Coding theory and cryptography
Evict+Spec+Time: Exploiting Out-of-Order Execution to Improve Cache-Timing Attacks,2024,8,https://doi.org/10.46586/tches.v2024.i3.224-248,https://tches.iacr.org/index.php/TCHES/article/download/11676/11197,https://tches.iacr.org/index.php/TCHES/article/download/11676/11197,Real-Time Systems Scheduling; Distributed systems and fault tolerance; Parallel Computing and Optimization Techniques
Efficient Persistent Fault Analysis with Small Number of Chosen Plaintexts,2023,7,https://doi.org/10.46586/tches.v2023.i2.519-542,https://tches.iacr.org/index.php/TCHES/article/download/10292/9742,https://tches.iacr.org/index.php/TCHES/article/download/10292/9742,Cryptographic Implementations and Security; Coding theory and cryptography; Fractal and DNA sequence analysis
Rudraksh: A compact and lightweight post-quantum key-encapsulation mechanism,2025,7,https://doi.org/10.46586/tches.v2025.i2.647-680,https://tches.iacr.org/index.php/TCHES/article/download/12060/11905,https://tches.iacr.org/index.php/TCHES/article/download/12060/11905,Quantum-Dot Cellular Automata; Cryptographic Implementations and Security; Quantum Computing Algorithms and Architecture
Don’t Forget Pairing-Friendly Curves with Odd Prime Embedding Degrees,2023,7,https://doi.org/10.46586/tches.v2023.i4.393-419,https://tches.iacr.org/index.php/TCHES/article/download/11171/10610,https://tches.iacr.org/index.php/TCHES/article/download/11171/10610,Coding theory and cryptography; Cryptography and Residue Arithmetic; Cryptography and Data Security
"Elastic MSM: A Fast, Elastic and Modular Preprocessing Technique for Multi-Scalar Multiplication Algorithm on GPUs",2024,7,https://doi.org/10.46586/tches.v2024.i4.258-284,https://tches.iacr.org/index.php/TCHES/article/download/11791/11297,https://tches.iacr.org/index.php/TCHES/article/download/11791/11297,Parallel Computing and Optimization Techniques; Distributed and Parallel Computing Systems; Cryptography and Residue Arithmetic
Masking Floating-Point Number Multiplication and Addition of Falcon,2024,6,https://doi.org/10.46586/tches.v2024.i2.276-303,https://tches.iacr.org/index.php/TCHES/article/download/11428/10934,https://tches.iacr.org/index.php/TCHES/article/download/11428/10934,Numerical Methods and Algorithms
Fallen Sanctuary: A Higher-Order and Leakage-Resilient Rekeying Scheme,2023,6,https://doi.org/10.46586/tches.v2024.i1.264-308,https://tches.iacr.org/index.php/TCHES/article/download/11253/10795,https://tches.iacr.org/index.php/TCHES/article/download/11253/10795,Cryptographic Implementations and Security; Chaos-based Image/Signal Encryption; Coding theory and cryptography
“Whispering MLaaS”,2023,5,https://doi.org/10.46586/tches.v2023.i2.587-613,https://tches.iacr.org/index.php/TCHES/article/download/10295/9745,https://tches.iacr.org/index.php/TCHES/article/download/10295/9745,Adversarial Robustness in Machine Learning; Privacy-Preserving Technologies in Data; Cryptography and Data Security
"Quasi-linear masking against SCA and FIA, with cost amortization",2023,5,https://doi.org/10.46586/tches.v2024.i1.398-432,https://tches.iacr.org/index.php/TCHES/article/download/11257/10799,https://tches.iacr.org/index.php/TCHES/article/download/11257/10799,Cryptographic Implementations and Security; Coding theory and cryptography; Advanced Malware Detection Techniques
eLIMInate: a Leakage-focused ISE for Masked Implementation,2024,5,https://doi.org/10.46586/tches.v2024.i2.329-358,https://tches.iacr.org/index.php/TCHES/article/download/11431/10936,https://tches.iacr.org/index.php/TCHES/article/download/11431/10936,Usability and User Interface Design; Information and Cyber Security; Multimedia Communication and Technology
Switching Off your Device Does Not Protect Against Fault Attacks,2024,4,https://doi.org/10.46586/tches.v2024.i4.425-450,https://tches.iacr.org/index.php/TCHES/article/download/11798/11303,https://tches.iacr.org/index.php/TCHES/article/download/11798/11303,Information and Cyber Security; Advanced Malware Detection Techniques; Smart Grid Security and Resilience
FaultDetective,2024,4,https://doi.org/10.46586/tches.v2024.i4.610-632,https://tches.iacr.org/index.php/TCHES/article/download/11804/11309,https://tches.iacr.org/index.php/TCHES/article/download/11804/11309,Software System Performance and Reliability; Anomaly Detection Techniques and Applications
LESS is Even More: Optimizing Digital Signatures from Code Equivalence,2025,4,https://doi.org/10.46586/tches.v2025.i4.386-408,https://tches.iacr.org/index.php/TCHES/article/download/12415/12143,https://tches.iacr.org/index.php/TCHES/article/download/12415/12143,"Mathematics, Computing, and Information Processing; Algorithms and Data Compression; Advanced Data Storage Technologies"
"Optimized Software Implementation of Keccak, Kyber, and Dilithium on RV{32,64}IM{B}{V}",2024,4,https://doi.org/10.46586/tches.v2025.i1.632-655,https://er.ceres.rub.de/index.php/TCHES/article/download/11941/11801,https://er.ceres.rub.de/index.php/TCHES/article/download/11941/11801,Nuclear reactor physics and engineering; Radiation Detection and Scintillator Technologies
LPN-based Attacks in the White-box Setting,2023,4,https://doi.org/10.46586/tches.v2023.i4.318-343,https://tches.iacr.org/index.php/TCHES/article/download/11168/10607,https://tches.iacr.org/index.php/TCHES/article/download/11168/10607,Cryptographic Implementations and Security; Coding theory and cryptography; Cryptography and Data Security
SHAPER: A General Architecture for Privacy-Preserving Primitives in Secure Machine Learning,2024,4,https://doi.org/10.46586/tches.v2024.i2.819-843,https://tches.iacr.org/index.php/TCHES/article/download/11448/10953,https://tches.iacr.org/index.php/TCHES/article/download/11448/10953,Privacy-Preserving Technologies in Data; Cryptography and Data Security; Cloud Data Security Solutions
Pincering SKINNY by Exploiting Slow Diffusion,2023,4,https://doi.org/10.46586/tches.v2023.i4.460-492,https://tches.iacr.org/index.php/TCHES/article/download/11173/10612,https://tches.iacr.org/index.php/TCHES/article/download/11173/10612,Cryptographic Implementations and Security; Coding theory and cryptography; Chaos-based Image/Signal Encryption
A Not So Discrete Sampler: Power Analysis Attacks on HAWK signature scheme,2024,3,https://doi.org/10.46586/tches.v2024.i4.156-178,https://tches.iacr.org/index.php/TCHES/article/download/11787/11293,https://tches.iacr.org/index.php/TCHES/article/download/11787/11293,Cryptographic Implementations and Security; Cryptography and Data Security; Security in Wireless Sensor Networks
Vectorized and Parallel Computation of Large Smooth-Degree Isogenies using Precedence-Constrained Scheduling,2023,3,https://doi.org/10.46586/tches.v2023.i3.246-269,https://tches.iacr.org/index.php/TCHES/article/download/10963/10270,https://tches.iacr.org/index.php/TCHES/article/download/10963/10270,Parallel Computing and Optimization Techniques; Distributed and Parallel Computing Systems; Constraint Satisfaction and Optimization
XBOOT: Free-XOR Gates for CKKS with Applications to Transciphering,2025,3,https://doi.org/10.46586/tches.v2025.i4.118-144,https://tches.iacr.org/index.php/TCHES/article/download/12406/12135,https://tches.iacr.org/index.php/TCHES/article/download/12406/12135,Cryptography and Data Security; Cryptography and Residue Arithmetic; Advanced Data Storage Technologies
Cryptanalysis of ARX-based White-box Implementations,2023,3,https://doi.org/10.46586/tches.v2023.i3.97-135,https://tches.iacr.org/index.php/TCHES/article/download/10958/10265,https://tches.iacr.org/index.php/TCHES/article/download/10958/10265,Cryptographic Implementations and Security; Coding theory and cryptography; Chaos-based Image/Signal Encryption
On Provable White-Box Security in the Strong Incompressibility Model,2023,3,https://doi.org/10.46586/tches.v2023.i4.167-187,https://tches.iacr.org/index.php/TCHES/article/download/11162/10601,https://tches.iacr.org/index.php/TCHES/article/download/11162/10601,Cryptography and Data Security; Cryptographic Implementations and Security; Coding theory and cryptography
Provable Secure Parallel Gadgets,2023,3,https://doi.org/10.46586/tches.v2023.i4.420-459,https://tches.iacr.org/index.php/TCHES/article/download/11172/10611,https://tches.iacr.org/index.php/TCHES/article/download/11172/10611,Cryptography and Data Security; Cryptography and Residue Arithmetic; Cryptographic Implementations and Security
Improved Attacks on (EC)DSA with Nonce Leakage by Lattice Sieving with Predicate,2023,3,https://doi.org/10.46586/tches.v2023.i2.568-586,https://tches.iacr.org/index.php/TCHES/article/download/10294/9744,https://tches.iacr.org/index.php/TCHES/article/download/10294/9744,Cryptographic Implementations and Security; Coding theory and cryptography; Cryptography and Residue Arithmetic
Full Key-Recovery Cubic-Time Template Attack on Classic McEliece Decapsulation,2024,3,https://doi.org/10.46586/tches.v2025.i1.367-391,https://moving-the-social.ub.rub.de/index.php/TCHES/article/download/11933/11792,https://moving-the-social.ub.rub.de/index.php/TCHES/article/download/11933/11792,Cryptographic Implementations and Security; Chaos-based Image/Signal Encryption; Coding theory and cryptography
Load-Balanced Parallel Implementation on GPUs for Multi-Scalar Multiplication Algorithm,2024,3,https://doi.org/10.46586/tches.v2024.i2.522-544,https://tches.iacr.org/index.php/TCHES/article/download/11438/10943,https://tches.iacr.org/index.php/TCHES/article/download/11438/10943,Parallel Computing and Optimization Techniques; Distributed and Parallel Computing Systems; Interconnection Networks and Systems
Hints from Hertz: Dynamic Frequency Scaling Side-Channel Analysis of Number Theoretic Transform in Lattice-Based KEMs,2024,3,https://doi.org/10.46586/tches.v2024.i3.200-223,https://tches.iacr.org/index.php/TCHES/article/download/11675/11196,https://tches.iacr.org/index.php/TCHES/article/download/11675/11196,Cryptographic Implementations and Security; Chaos-based Image/Signal Encryption; Cryptography and Data Security
Dlog is Practically as Hard (or Easy) as DH – Solving Dlogs via DH Oracles on EC Standards,2023,2,https://doi.org/10.46586/tches.v2023.i4.146-166,https://tches.iacr.org/index.php/TCHES/article/download/11161/10600,https://tches.iacr.org/index.php/TCHES/article/download/11161/10600,Cryptography and Residue Arithmetic; Cryptography and Data Security; Coding theory and cryptography
Dash: Accelerating Distributed Private Convolutional Neural Network Inference with Arithmetic Garbled Circuits,2024,2,https://doi.org/10.46586/tches.v2025.i1.420-449,https://tosc.iacr.org/index.php/TCHES/article/download/11935/11794,https://tosc.iacr.org/index.php/TCHES/article/download/11935/11794,Stochastic Gradient Optimization Techniques; Cryptography and Data Security; Privacy-Preserving Technologies in Data
A Low-Latency High-Order Arithmetic to Boolean Masking Conversion,2024,2,https://doi.org/10.46586/tches.v2024.i2.630-653,https://tches.iacr.org/index.php/TCHES/article/download/11441/10946,https://tches.iacr.org/index.php/TCHES/article/download/11441/10946,Digital Filter Design and Implementation; Numerical Methods and Algorithms; Model Reduction and Neural Networks
Multiplying Polynomials without Powerful Multiplication Instructions,2024,2,https://doi.org/10.46586/tches.v2025.i1.160-202,https://moving-the-social.ub.rub.de/index.php/TCHES/article/download/11926/11785,https://moving-the-social.ub.rub.de/index.php/TCHES/article/download/11926/11785,Numerical Methods and Algorithms; Polynomial and algebraic computation; Coding theory and cryptography
POTA: A Pipelined Oblivious Transfer Acceleration Architecture for Secure Multi-Party Computation,2025,2,https://doi.org/10.46586/tches.v2025.i3.262-292,https://ojs.ub.rub.de/index.php/TCHES/article/download/12217/12024,https://ojs.ub.rub.de/index.php/TCHES/article/download/12217/12024,Cryptography and Data Security; Complexity and Algorithms in Graphs; Stochastic Gradient Optimization Techniques
Leading Degree: A Metric for Model Performance Evaluation and Hyperparameter Tuning in Deep Learning-Based Side-Channel Analysis,2025,2,https://doi.org/10.46586/tches.v2025.i2.333-361,https://tches.iacr.org/index.php/TCHES/article/download/12050/11894,https://tches.iacr.org/index.php/TCHES/article/download/12050/11894,Digital Media Forensic Detection; Cryptographic Implementations and Security; Electrostatic Discharge in Electronics
New Quantum Cryptanalysis of Binary Elliptic Curves,2025,2,https://doi.org/10.46586/tches.v2025.i2.781-804,https://tches.iacr.org/index.php/TCHES/article/download/12065/11909,https://tches.iacr.org/index.php/TCHES/article/download/12065/11909,Cryptography and Residue Arithmetic; Coding theory and cryptography; Cryptography and Data Security
SeaFlame: Communication-Efficient Secure Aggregation for Federated Learning against Malicious Entities,2025,2,https://doi.org/10.46586/tches.v2025.i2.69-93,https://tches.iacr.org/index.php/TCHES/article/download/12042/11886,https://tches.iacr.org/index.php/TCHES/article/download/12042/11886,Privacy-Preserving Technologies in Data; Cryptography and Data Security; Network Security and Intrusion Detection
Rejected Signatures’ Challenges Pose New Challenges: Key Recovery of CRYSTALS-Dilithium via Side-Channel Attacks,2025,2,https://doi.org/10.46586/tches.v2025.i4.817-847,https://tches.iacr.org/index.php/TCHES/article/download/12430/12158,https://tches.iacr.org/index.php/TCHES/article/download/12430/12158,Forensic Fingerprint Detection Methods; Cryptographic Implementations and Security; Cryptography and Data Security
Evaluating Larger Lookup Tables using CKKS,2026,2,https://doi.org/10.46586/tches.v2026.i1.559-591,https://tches.iacr.org/index.php/TCHES/article/download/12693/12376,https://tches.iacr.org/index.php/TCHES/article/download/12693/12376,Cryptographic Implementations and Security; Cryptography and Data Security; Cryptography and Residue Arithmetic
Automatic Search of Meet-in-the-Middle Differential Fault Analysis on AES-like Ciphers,2023,2,https://doi.org/10.46586/tches.v2023.i4.1-31,https://tches.iacr.org/index.php/TCHES/article/download/11156/10595,https://tches.iacr.org/index.php/TCHES/article/download/11156/10595,Cryptographic Implementations and Security; Coding theory and cryptography; Chaos-based Image/Signal Encryption
Efficient Homomorphic Integer Computer from CKKS,2025,2,https://doi.org/10.46586/tches.v2025.i4.873-898,https://tches.iacr.org/index.php/TCHES/article/download/12432/12160,https://tches.iacr.org/index.php/TCHES/article/download/12432/12160,Coding theory and cryptography; Cryptography and Data Security; Cryptography and Residue Arithmetic
Enhancing Quality and Security of the PLL-TRNG,2023,2,https://doi.org/10.46586/tches.v2023.i4.211-237,https://tches.iacr.org/index.php/TCHES/article/download/11164/10603,https://tches.iacr.org/index.php/TCHES/article/download/11164/10603,Chaos-based Image/Signal Encryption; Advancements in PLL and VCO Technologies; Cryptographic Implementations and Security
High-Performance Design Patterns and File Formats for Side-Channel Analysis,2024,2,https://doi.org/10.46586/tches.v2024.i2.769-794,https://tches.iacr.org/index.php/TCHES/article/download/11446/10951,https://tches.iacr.org/index.php/TCHES/article/download/11446/10951,Advanced Data Storage Technologies; Semiconductor materials and devices; Parallel Computing and Optimization Techniques
Leaky McEliece: Secret Key Recovery From Highly Erroneous Side-Channel Information,2025,2,https://doi.org/10.46586/tches.v2025.i2.94-125,https://tches.iacr.org/index.php/TCHES/article/download/12043/11887,https://tches.iacr.org/index.php/TCHES/article/download/12043/11887,Cryptographic Implementations and Security; Chaos-based Image/Signal Encryption; Quantum-Dot Cellular Automata
Scoop: An Optimization Algorithm for Profiling Attacks against Higher-Order Masking,2025,2,https://doi.org/10.46586/tches.v2025.i3.56-80,https://ojs.ub.rub.de/index.php/TCHES/article/download/12210/12017,https://ojs.ub.rub.de/index.php/TCHES/article/download/12210/12017,Digital Media Forensic Detection; Face recognition and analysis; Advanced Steganography and Watermarking Techniques
Let’s DOIT: Using Intel’s Extended HW/SW Contract for Secure Compilation of Crypto Code,2025,1,https://doi.org/10.46586/tches.v2025.i3.644-667,https://ojs.ub.rub.de/index.php/TCHES/article/download/12229/12036,https://ojs.ub.rub.de/index.php/TCHES/article/download/12229/12036,Digital Rights Management and Security; Advanced Data Storage Technologies
mid-pSquare: Leveraging the Strong Side-Channel Security of Prime-Field Masking in Software,2025,1,https://doi.org/10.46586/tches.v2025.i4.486-519,https://tches.iacr.org/index.php/TCHES/article/download/12419/12147,https://tches.iacr.org/index.php/TCHES/article/download/12419/12147,Cryptographic Implementations and Security; Coding theory and cryptography; Chaos-based Image/Signal Encryption
pracy: A Practical Compiler for Attribute-Based Encryption in Python,2025,1,https://doi.org/10.46586/tches.v2025.i4.46-91,https://tches.iacr.org/index.php/TCHES/article/download/12404/12132,https://tches.iacr.org/index.php/TCHES/article/download/12404/12132,Cryptographic Implementations and Security; Cryptography and Data Security; Coding theory and cryptography
Know-Thy-Basis: Decomposing F26 for Lightweight S-box Implementation,2024,1,https://doi.org/10.46586/tches.v2024.i4.763-794,https://tches.iacr.org/index.php/TCHES/article/download/11902/11739,https://tches.iacr.org/index.php/TCHES/article/download/11902/11739,Cryptographic Implementations and Security; Coding theory and cryptography; Quantum-Dot Cellular Automata
Breaking Ground: A New Area Record for Low-Latency First-Order Masked SHA-3,2024,1,https://doi.org/10.46586/tches.v2024.i4.231-257,https://tches.iacr.org/index.php/TCHES/article/download/11790/11296,https://tches.iacr.org/index.php/TCHES/article/download/11790/11296,Parallel Computing and Optimization Techniques; Embedded Systems Design Techniques
Generation of Fast Finite Field Arithmetic forCortex-M4 with ECDH and SQIsign Applications,2025,1,https://doi.org/10.46586/tches.v2025.i4.588-620,https://tches.iacr.org/index.php/TCHES/article/download/12422/12150,https://tches.iacr.org/index.php/TCHES/article/download/12422/12150,Numerical methods for differential equations; Polynomial and algebraic computation; Advanced Control Systems Design
Extending Randomness-Free First-Order Masking Schemes and Applications to Masking-Friendly S-boxes,2024,1,https://doi.org/10.46586/tches.v2025.i1.340-366,https://philosophymindscience.org/index.php/TCHES/article/download/11932/11791,https://philosophymindscience.org/index.php/TCHES/article/download/11932/11791,Data Visualization and Analytics
Accelerating HQC with Additive FFT,2026,1,https://doi.org/10.46586/tches.v2026.i2.520-544,https://tches.iacr.org/index.php/TCHES/article/download/12898/12525,https://tches.iacr.org/index.php/TCHES/article/download/12898/12525,Cryptography and Residue Arithmetic; Cryptographic Implementations and Security; Polynomial and algebraic computation
