id,title,authors,year,venue,topic,problem,method,platform,metrics,contribution_type,evidence_type,limitation,what_to_learn,paper_role,doi,source_url,local_pdf,note_path
paper_01,Memristive Tabu Learning Neuron Generated Multi-Wing Attractor With FPGA Implementation and Application in Encryption,Quanli Deng; Chunhua Wang; Yichuang Sun; Zekun Deng; Gang Yang,2024,TCAS-I,FPGA accelerator; CIM / memory / emerging devices,如何在 FPGA 资源、带宽和时序约束下把目标算法映射成高吞吐/低延迟结构。,从算法数据流出发，设计并行度、流水线、存储 banking 和控制路径。,FPGA,area/resource; frequency; latency; throughput; power/energy,CIM/memory,FPGA implementation; simulation/model analysis,需要说明 FPGA 型号、工具版本和资源归一化方式，否则 SOTA 对比容易被质疑。,学习完整电路/系统论文如何从背景、架构、实现到 SOTA 对比形成闭环。,适合模仿摘要; 适合模仿贡献列表; 适合模仿方法图; 适合模仿实验表,https://doi.org/10.1109/tcsi.2024.3439869,https://uhra.herts.ac.uk/id/eprint/11323/1/TCAS_I_Tabu_Wing.pdf,01_TCASI\pdfs\paper_01.pdf,01_TCASI\notes\paper_01.md
paper_02,"A High-Reliability, Non-CRP-Discard Arbiter PUF Based on Delay Difference Quantization",Yao Wang; Guangyang Zhang; Xue Mei; Chongyan Gu,2024,TCAS-I,cryptographic hardware / hardware security; measurement / sensor SoC,如何在密码算法或攻击模型约束下同时满足安全性、吞吐、延迟和硬件开销。,把密码算子、攻击路径或安全假设映射到专用 datapath、防护机制或评估流程。,ASIC / CMOS implementation,area/resource; frequency; latency; throughput; power/energy; security/leakage/fault metric,circuit; security; measurement,ASIC measurement / silicon-oriented evaluation; formal/security evaluation,需要同时交代安全假设和硬件开销，不能只报性能或只报攻击效果。,学习完整电路/系统论文如何从背景、架构、实现到 SOTA 对比形成闭环。,适合模仿摘要; 适合模仿贡献列表; 适合模仿安全评估; 适合模仿 SOTA 对比,https://doi.org/10.1109/tcsi.2024.3466972,https://pureadmin.qub.ac.uk/ws/files/626184314/DDQPUF.pdf,01_TCASI\pdfs\paper_02.pdf,01_TCASI\notes\paper_02.md
paper_03,A Heterogeneous RISC-V Based SoC for Secure Nano-UAV Navigation,Luca Valente; Alessandro Nadalini; Asif Veeran; M. Sinigaglia; Bruno Sá; Nils Wistoff,2024,TCAS-I,RISC-V / SoC / processor; cryptographic hardware / hardware security,如何通过处理器、SoC 或 ISA/微架构协同提升特定 workload 的性能、能效或安全性。,通过 ISA/微架构/SoC 集成和软件调用路径协同优化 workload。,RISC-V / SoC / processor platform,area/resource; frequency; latency; throughput; power/energy; security/leakage/fault metric,architecture; security,ASIC measurement / silicon-oriented evaluation; formal/security evaluation,需要同时交代安全假设和硬件开销，不能只报性能或只报攻击效果。,学习完整电路/系统论文如何从背景、架构、实现到 SOTA 对比形成闭环。,适合模仿摘要; 适合模仿贡献列表; 适合模仿方法图; 适合模仿实验表; 适合模仿安全评估; 适合模仿 SOTA 对比,https://doi.org/10.1109/tcsi.2024.3359044,https://cris.unibo.it/bitstream/11585/959822/3/SHAHEEN_TCAS_I_2023.pdf,01_TCASI\pdfs\paper_03.pdf,01_TCASI\notes\paper_03.md
paper_04,Future Design Direction for SRAM Data Array: Hierarchical Subarray With Active Interconnect,Hsiao-Hsuan Liu; Carlo Gilardi; Shairfe Muhammad Salahuddin; Zhenlin Pei; P. Schuddinck; Yang Xiang,2024,TCAS-I,CIM / memory / emerging devices,如何突破数据搬移、存储阵列感测或新型器件可靠性的瓶颈。,围绕 cell/array/sensing/peripheral circuit 设计存内或近存计算机制。,hardware implementation or evaluation platform,area/resource; frequency; latency; throughput; power/energy,circuit; CIM/memory,implementation-oriented evaluation,需要说明器件/阵列规模、PVT/variation 和外围电路开销。,学习完整电路/系统论文如何从背景、架构、实现到 SOTA 对比形成闭环。,适合模仿摘要; 适合模仿贡献列表,https://doi.org/10.1109/tcsi.2024.3410518,https://lirias.kuleuven.be/retrieve/913275b5-a108-48a9-b523-7f949cafecb4,01_TCASI\pdfs\paper_04.pdf,01_TCASI\notes\paper_04.md
paper_05,Modeling and Predicting Noise-Induced Failure Rates in Ultra-Low-Voltage SRAM Bitcells Affected by Process Variations,Léopold Van Brandt; Michele Bonnin; Maurício Banaszeski da Silva; P. Bolcato; Gilson Wirth; Denis Flandre,2025,TCAS-I,CIM / memory / emerging devices,如何突破数据搬移、存储阵列感测或新型器件可靠性的瓶颈。,围绕 cell/array/sensing/peripheral circuit 设计存内或近存计算机制。,hardware implementation or evaluation platform,area/resource; frequency; latency; throughput; power/energy,circuit; CIM/memory,simulation/model analysis,需要说明器件/阵列规模、PVT/variation 和外围电路开销。,学习完整电路/系统论文如何从背景、架构、实现到 SOTA 对比形成闭环。,适合模仿摘要; 适合模仿贡献列表,https://doi.org/10.1109/tcsi.2024.3525387,https://research.dial.uclouvain.be/server/api/core/bitstreams/199313d2-4e0e-474b-8768-b03016c60195/content,01_TCASI\pdfs\paper_05.pdf,01_TCASI\notes\paper_05.md
paper_06,A Low-Latency Power Series Approximate Computing and Architecture for Co-Calculation of Division and Square Root,Dian Tian; Ningmei Yu; Minghui Xie; Jiahao Tang; Zhuang Feng; Álvaro Hernández,2024,TCAS-I,approximate / arithmetic computing,如何在误差、面积、延迟和能耗之间建立可控 tradeoff。,用架构图、关键模块和设计取舍把 proposed method 解释成可实现方案。,hardware implementation or evaluation platform,area/resource; frequency; latency; throughput; power/energy; error/quality metric,architecture,implementation-oriented evaluation,需要把适用边界、实验平台和 baseline 公平性写清。,学习完整电路/系统论文如何从背景、架构、实现到 SOTA 对比形成闭环。,适合模仿摘要; 适合模仿贡献列表,https://doi.org/10.1109/tcsi.2024.3368102,https://ebuah.uah.es/dspace/bitstream/handle/10017/62156/Low_Tian_IEEETransCirSysI_2024%20(1).pdf?sequence=4,01_TCASI\pdfs\paper_06.pdf,01_TCASI\notes\paper_06.md
paper_07,High-Speed Polynomials Multiplication HW Accelerator for CRYSTALS-Kyber,Abdullah Alhassani; Mohammed Benaissa,2024,TCAS-I,FPGA accelerator; cryptographic hardware / hardware security; approximate / arithmetic computing,如何在 FPGA 资源、带宽和时序约束下把目标算法映射成高吞吐/低延迟结构。,从算法数据流出发，设计并行度、流水线、存储 banking 和控制路径。,hardware implementation or evaluation platform,area/resource; frequency; latency; throughput; power/energy; security/leakage/fault metric; error/quality metric,architecture; security,implementation-oriented evaluation,需要说明 FPGA 型号、工具版本和资源归一化方式，否则 SOTA 对比容易被质疑。,学习完整电路/系统论文如何从背景、架构、实现到 SOTA 对比形成闭环。,适合模仿摘要; 适合模仿贡献列表; 适合模仿方法图; 适合模仿实验表; 适合模仿安全评估; 适合模仿 SOTA 对比,https://doi.org/10.1109/tcsi.2024.3427011,https://eprints.whiterose.ac.uk/id/eprint/214995/7/High-Speed%20Polynomial%20Multiplication%20HW%20accelerator%20for%20CRYSTALS-Kyber%20AAM.pdf,01_TCASI\pdfs\paper_07.pdf,01_TCASI\notes\paper_07.md
paper_08,ESSR: An 8K@30FPS Super-Resolution Accelerator With Edge Selective Network,C.-Y. Hsu; Tian‐Sheuan Chang,2024,TCAS-I,FPGA accelerator,如何在 FPGA 资源、带宽和时序约束下把目标算法映射成高吞吐/低延迟结构。,从算法数据流出发，设计并行度、流水线、存储 banking 和控制路径。,hardware implementation or evaluation platform,area/resource; frequency; latency; throughput; power/energy,architecture,implementation-oriented evaluation,需要说明 FPGA 型号、工具版本和资源归一化方式，否则 SOTA 对比容易被质疑。,学习完整电路/系统论文如何从背景、架构、实现到 SOTA 对比形成闭环。,适合模仿摘要; 适合模仿贡献列表; 适合模仿方法图; 适合模仿实验表,https://doi.org/10.1109/tcsi.2024.3349581,https://arxiv.org/pdf/2503.20245,01_TCASI\pdfs\paper_08.pdf,01_TCASI\notes\paper_08.md
paper_09,Hybrid Spatial and Temporal Computing Histogrammer in Soft Processor Core of a FPGA Device,E. Ronconi; F. Garzetti; N. Lusardi; A. Costa; A. Geraci,2024,TCAS-I,FPGA accelerator; RISC-V / SoC / processor,如何在 FPGA 资源、带宽和时序约束下把目标算法映射成高吞吐/低延迟结构。,从算法数据流出发，设计并行度、流水线、存储 banking 和控制路径。,FPGA,area/resource; frequency; latency; throughput; power/energy,architecture,FPGA implementation,需要说明 FPGA 型号、工具版本和资源归一化方式，否则 SOTA 对比容易被质疑。,学习完整电路/系统论文如何从背景、架构、实现到 SOTA 对比形成闭环。,适合模仿摘要; 适合模仿贡献列表; 适合模仿方法图; 适合模仿实验表,https://doi.org/10.1109/tcsi.2024.3404034,https://re.public.polimi.it/bitstream/11311/1267062/1/Hybrid_Spatial_and_Temporal_Computing_Histogramer_in_Soft_Processor_Core_of_a_FPGA_Device.pdf,01_TCASI\pdfs\paper_09.pdf,01_TCASI\notes\paper_09.md
paper_10,"FREYA: A 0.023-mm²/Channel, 20.8- μW/Channel, Event-Driven 8-Channel SoC for Spiking End-to-End Sensing of Time-Sparse Biosignals",Jonah Van Assche; Charlotte Frenkel; Ali Safa; Georges Gielen,2024,TCAS-I,RISC-V / SoC / processor; AI / DNN / neuromorphic accelerator; measurement / sensor SoC,如何通过处理器、SoC 或 ISA/微架构协同提升特定 workload 的性能、能效或安全性。,通过 ISA/微架构/SoC 集成和软件调用路径协同优化 workload。,RISC-V / SoC / processor platform,area/resource; frequency; latency; throughput; power/energy; accuracy or workload quality,architecture,ASIC measurement / silicon-oriented evaluation,需要同时报告硬件指标和模型精度/任务质量，避免只优化单一指标。,学习完整电路/系统论文如何从背景、架构、实现到 SOTA 对比形成闭环。,适合模仿摘要; 适合模仿贡献列表; 适合模仿方法图; 适合模仿实验表,https://doi.org/10.1109/tcsi.2024.3504264,https://lirias.kuleuven.be/retrieve/79271a63-05dd-497e-842c-4dac4d71a658,01_TCASI\pdfs\paper_10.pdf,01_TCASI\notes\paper_10.md
paper_01,CORDIC-Based Computation of Arcsine and Arccosine Functions on FPGA,Pedro Paz; Mario Garrido,2023,TCAS-II,FPGA accelerator; approximate / arithmetic computing,如何在 FPGA 资源、带宽和时序约束下把目标算法映射成高吞吐/低延迟结构。,从算法数据流出发，设计并行度、流水线、存储 banking 和控制路径。,FPGA,area/resource; frequency; latency; throughput; power/energy; error/quality metric,architecture,FPGA implementation,需要说明 FPGA 型号、工具版本和资源归一化方式，否则 SOTA 对比容易被质疑。,学习如何把单点硬件创新压缩成短摘要、主框图和硬指标表。,适合模仿摘要; 适合模仿贡献列表; 适合模仿方法图; 适合模仿实验表,https://doi.org/10.1109/tcsii.2023.3262353,https://oa.upm.es/87123/3/CORDIC-Based_Computation_of_Arcsine_and_Arccosine_Functions_on_FPGA.pdf,02_TCASII\pdfs\paper_01.pdf,02_TCASII\notes\paper_01.md
paper_02,Experimental Demonstration of Non-Stateful In-Memory Logic With 1T1R OxRAM Valence Change Mechanism Memristors,Henriette Padberg; Amir Regev; G. Piccolboni; Alessandro Bricalli; G. Molas; Jean Francois Nodin; Shahar Kvatinsky,2023,TCAS-II,CIM / memory / emerging devices,如何突破数据搬移、存储阵列感测或新型器件可靠性的瓶颈。,围绕 cell/array/sensing/peripheral circuit 设计存内或近存计算机制。,hardware implementation or evaluation platform,area/resource; frequency; latency; throughput; power/energy,CIM/memory,simulation/model analysis,需要说明器件/阵列规模、PVT/variation 和外围电路开销。,学习如何把单点硬件创新压缩成短摘要、主框图和硬指标表。,适合模仿摘要; 适合模仿贡献列表,https://doi.org/10.1109/tcsii.2023.3302235,https://arxiv.org/pdf/2310.16843,02_TCASII\pdfs\paper_02.pdf,02_TCASII\notes\paper_02.md
paper_03,A 380 fW Leakage Data Retention Flip-Flop for Short Sleep Periods,Shima Sedighiani; Kamlesh Kumar Singh; Roel Jordans; Pieter Harpe; José Pineda de Gyvez,2023,TCAS-II,digital IC / FPGA related systems,如何在 FPGA 资源、带宽和时序约束下把目标算法映射成高吞吐/低延迟结构。,从算法数据流出发，设计并行度、流水线、存储 banking 和控制路径。,hardware implementation or evaluation platform,area/resource; frequency; latency; throughput; power/energy,circuit,implementation-oriented evaluation,需要说明 FPGA 型号、工具版本和资源归一化方式，否则 SOTA 对比容易被质疑。,学习如何把单点硬件创新压缩成短摘要、主框图和硬指标表。,适合模仿摘要; 适合模仿贡献列表; 适合模仿方法图; 适合模仿实验表,https://doi.org/10.1109/tcsii.2023.3238961,https://pure.tue.nl/ws/files/302804167/A_380_fW_Leakage_Data_Retention_Flip-Flop_for_Short_Sleep_Periods.pdf,02_TCASII\pdfs\paper_03.pdf,02_TCASII\notes\paper_03.md
paper_04,A Novel Error Metric for Evaluating the Error Correction Capability of Approximate Units,Yuqin Dou; Zhikuang Cai; Haroon Waris; Roger Woods; Weiqiang Liu,2025,TCAS-II,approximate / arithmetic computing,如何在误差、面积、延迟和能耗之间建立可控 tradeoff。,用架构图、关键模块和设计取舍把 proposed method 解释成可实现方案。,hardware implementation or evaluation platform,area/resource; frequency; latency; throughput; power/energy; error/quality metric,architecture,implementation-oriented evaluation,需要把适用边界、实验平台和 baseline 公平性写清。,学习如何把单点硬件创新压缩成短摘要、主框图和硬指标表。,适合模仿摘要; 适合模仿贡献列表,https://doi.org/10.1109/tcsii.2025.3574662,https://pureadmin.qub.ac.uk/ws/files/640711321/A_Novel_Error_Metric_for_Evaluating_the_Error_Correction_Capability_of_Approximate_Units.pdf,02_TCASII\pdfs\paper_04.pdf,02_TCASII\notes\paper_04.md
paper_05,TNNGen: Automated Design of Neuromorphic Sensory Processing Units for Time-Series Clustering,Prabhu Vellaisamy; Harideep Nair; Vamsikrishna Ratnakaram; Dhruv Gupta; John Paul Shen,2024,TCAS-II,AI / DNN / neuromorphic accelerator; measurement / sensor SoC,如何针对 DNN/neuromorphic workload 设计更高效的数据流、PE 阵列和存储层次。,围绕数据复用、PE 阵列、片上存储和量化/稀疏特性做协同设计。,hardware implementation or evaluation platform,area/resource; frequency; latency; throughput; power/energy; accuracy or workload quality,measurement,implementation-oriented evaluation,需要同时报告硬件指标和模型精度/任务质量，避免只优化单一指标。,学习如何把单点硬件创新压缩成短摘要、主框图和硬指标表。,适合模仿摘要; 适合模仿贡献列表; 适合模仿方法图; 适合模仿实验表,https://doi.org/10.1109/tcsii.2024.3390002,https://arxiv.org/pdf/2412.17977,02_TCASII\pdfs\paper_05.pdf,02_TCASII\notes\paper_05.md
paper_06,A Lightweight and Hardware-Efficient NTT FPGA Accelerator for FHE Applications,Moonis Amir Zaman; Muhammad Bilal Khan; Wajahat Ahmad; Ayesha Khalid; Maire O'Neill,2025,TCAS-II,FPGA accelerator; cryptographic hardware / hardware security,如何在 FPGA 资源、带宽和时序约束下把目标算法映射成高吞吐/低延迟结构。,从算法数据流出发，设计并行度、流水线、存储 banking 和控制路径。,FPGA,area/resource; frequency; latency; throughput; power/energy; security/leakage/fault metric,architecture; security,FPGA implementation,需要说明 FPGA 型号、工具版本和资源归一化方式，否则 SOTA 对比容易被质疑。,学习如何把单点硬件创新压缩成短摘要、主框图和硬指标表。,适合模仿摘要; 适合模仿贡献列表; 适合模仿方法图; 适合模仿实验表; 适合模仿安全评估; 适合模仿 SOTA 对比,https://doi.org/10.1109/tcsii.2025.3633181,https://pureadmin.qub.ac.uk/ws/files/660584923/Compact_FHE_TCAS_II_CameraReady.pdf,02_TCASII\pdfs\paper_06.pdf,02_TCASII\notes\paper_06.md
paper_07,Design Automation of Analog and Mixed-Signal Circuits Using Neural Networks - A Tutorial Brief,G. Liñán; Nuno Lourenço; Nuno Horta; José M. de la Rosa,2023,TCAS-II,AI / DNN / neuromorphic accelerator; EDA / CAD / design automation,如何针对 DNN/neuromorphic workload 设计更高效的数据流、PE 阵列和存储层次。,定义输入约束、优化目标和搜索/学习/验证流程，输出可比较的设计结果。,EDA benchmark / toolflow,area/resource; frequency; latency; throughput; power/energy; runtime; QoR; ablation; accuracy or workload quality,circuit; EDA/tool,benchmark/tool evaluation,需要足够 benchmark、baseline 和消融，否则容易被认为只是 case study。,学习如何把单点硬件创新压缩成短摘要、主框图和硬指标表。,适合模仿摘要; 适合模仿贡献列表; 适合模仿方法图; 适合模仿实验表; 适合模仿 related work; 适合模仿消融实验,https://doi.org/10.1109/tcsii.2023.3323886,https://idus.us.es/bitstream/11441/155820/1/10.1109TCSII.2023.3323886.pdf,02_TCASII\pdfs\paper_07.pdf,02_TCASII\notes\paper_07.md
paper_08,XNOR-Bitcount Operation Exploiting Computing-In-Memory With STT-MRAMs,Ariana Musello; Esteban Garzón; Marco Lanuzza; Luis Miguel Prócel; Ramiro Taco,2023,TCAS-II,CIM / memory / emerging devices,如何突破数据搬移、存储阵列感测或新型器件可靠性的瓶颈。,围绕 cell/array/sensing/peripheral circuit 设计存内或近存计算机制。,hardware implementation or evaluation platform,area/resource; frequency; latency; throughput; power/energy,circuit; CIM/memory,implementation-oriented evaluation,需要说明器件/阵列规模、PVT/variation 和外围电路开销。,学习如何把单点硬件创新压缩成短摘要、主框图和硬指标表。,适合模仿摘要; 适合模仿贡献列表,https://doi.org/10.1109/tcsii.2023.3241163,https://ieeexplore.ieee.org/ielx7/8920/10061496/10032604.pdf,02_TCASII\pdfs\paper_08.pdf,02_TCASII\notes\paper_08.md
paper_09,A Low-Complexity Sensing Scheme for Approximate Matching Content-Addressable Memory,Esteban Garzón; Roman Golman; Marco Lanuzza; Adam Teman; Leonid Yavits,2023,TCAS-II,CIM / memory / emerging devices; approximate / arithmetic computing,如何突破数据搬移、存储阵列感测或新型器件可靠性的瓶颈。,围绕 cell/array/sensing/peripheral circuit 设计存内或近存计算机制。,hardware implementation or evaluation platform,area/resource; frequency; latency; throughput; power/energy; error/quality metric,circuit; CIM/memory,implementation-oriented evaluation,需要说明器件/阵列规模、PVT/variation 和外围电路开销。,学习如何把单点硬件创新压缩成短摘要、主框图和硬指标表。,适合模仿摘要; 适合模仿贡献列表,https://doi.org/10.1109/tcsii.2023.3286257,https://ieeexplore.ieee.org/ielx7/8920/4358609/10153337.pdf,02_TCASII\pdfs\paper_09.pdf,02_TCASII\notes\paper_09.md
paper_10,Efficient Low-Latency Multiplication Architecture for NIST Trinomials With RISC-V Integration,José Luis Imaña; Luís Piñuel; Yao-Ming Kuo; O. Ruano; Francisco García-Herrero,2024,TCAS-II,RISC-V / SoC / processor; approximate / arithmetic computing,如何通过处理器、SoC 或 ISA/微架构协同提升特定 workload 的性能、能效或安全性。,通过 ISA/微架构/SoC 集成和软件调用路径协同优化 workload。,RISC-V / SoC / processor platform,area/resource; frequency; latency; throughput; power/energy; error/quality metric,architecture,implementation-oriented evaluation,需要把适用边界、实验平台和 baseline 公平性写清。,学习如何把单点硬件创新压缩成短摘要、主框图和硬指标表。,适合模仿摘要; 适合模仿贡献列表; 适合模仿方法图; 适合模仿实验表,https://doi.org/10.1109/tcsii.2024.3369103,https://ieeexplore.ieee.org/ielx7/8920/4358609/10444058.pdf,02_TCASII\pdfs\paper_10.pdf,02_TCASII\notes\paper_10.md
paper_01,ReLANCE: A Resource-Efficient Low-Latency Cortical Neural Acceleration Engine,Sonu Kumar; Arjun S. Nair; Bhawna Chaudhary; Mukul Lokhande; Santosh Kumar Vishvakarma,2026,TVLSI,CIM / memory / emerging devices; AI / DNN / neuromorphic accelerator,如何突破数据搬移、存储阵列感测或新型器件可靠性的瓶颈。,围绕 cell/array/sensing/peripheral circuit 设计存内或近存计算机制。,hardware implementation or evaluation platform,area/resource; frequency; latency; throughput; power/energy; accuracy or workload quality,CIM/memory,implementation-oriented evaluation,需要说明器件/阵列规模、PVT/variation 和外围电路开销。,学习如何把微架构、数据流、存储层次和实现指标连起来讲。,适合模仿方法图; 适合模仿实验表,https://doi.org/10.1109/tvlsi.2026.3680055,https://arxiv.org/pdf/2510.17392,03_TVLSI\pdfs\paper_01.pdf,03_TVLSI\notes\paper_01.md
paper_02,Unlimited Vector Processing for Wireless Baseband Based on RISC-V Extension,Limin Jiang; Yi Shi; Yihao Shen; Shan Cao; Zhiyuan Jiang; Sheng Zhou,2025,TVLSI,RISC-V / SoC / processor,如何通过处理器、SoC 或 ISA/微架构协同提升特定 workload 的性能、能效或安全性。,通过 ISA/微架构/SoC 集成和软件调用路径协同优化 workload。,RISC-V / SoC / processor platform,area/resource; frequency; latency; throughput; power/energy,architecture,implementation-oriented evaluation,需要把适用边界、实验平台和 baseline 公平性写清。,学习如何把微架构、数据流、存储层次和实现指标连起来讲。,适合模仿方法图; 适合模仿实验表,https://doi.org/10.1109/tvlsi.2025.3602401,https://arxiv.org/pdf/2504.10832,03_TVLSI\pdfs\paper_02.pdf,03_TVLSI\notes\paper_02.md
paper_03,A 66-Gb/s/5.5-W RISC-V Many-Core Cluster for 5G+ Software-Defined Radio Uplinks,Marco Bertuletti; Yichao Zhang; Alessandro Vanelli‐Coralli; Luca Benini,2025,TVLSI,RISC-V / SoC / processor,如何通过处理器、SoC 或 ISA/微架构协同提升特定 workload 的性能、能效或安全性。,通过 ISA/微架构/SoC 集成和软件调用路径协同优化 workload。,RISC-V / SoC / processor platform,area/resource; frequency; latency; throughput; power/energy,architecture,implementation-oriented evaluation,需要把适用边界、实验平台和 baseline 公平性写清。,学习如何把微架构、数据流、存储层次和实现指标连起来讲。,适合模仿方法图; 适合模仿实验表,https://doi.org/10.1109/tvlsi.2025.3576855,https://arxiv.org/pdf/2508.06176,03_TVLSI\pdfs\paper_03.pdf,03_TVLSI\notes\paper_03.md
paper_04,A Scalable FPGA Architecture With Adaptive Memory Utilization for GEMM-Based Operations,Αναστάσιος Πετρόπουλος; Theodore Antonakopoulos,2025,TVLSI,FPGA accelerator; CIM / memory / emerging devices; AI / DNN / neuromorphic accelerator,如何在 FPGA 资源、带宽和时序约束下把目标算法映射成高吞吐/低延迟结构。,从算法数据流出发，设计并行度、流水线、存储 banking 和控制路径。,FPGA,area/resource; frequency; latency; throughput; power/energy; accuracy or workload quality,architecture; CIM/memory,FPGA implementation,需要说明 FPGA 型号、工具版本和资源归一化方式，否则 SOTA 对比容易被质疑。,学习如何把微架构、数据流、存储层次和实现指标连起来讲。,适合模仿方法图; 适合模仿实验表,https://doi.org/10.1109/tvlsi.2025.3571677,https://arxiv.org/pdf/2510.08137,03_TVLSI\pdfs\paper_04.pdf,03_TVLSI\notes\paper_04.md
paper_05,Strassen Multisystolic Array Hardware Architectures,Trevor E. Pogue; Nicola Nicolici,2025,TVLSI,AI / DNN / neuromorphic accelerator,如何针对 DNN/neuromorphic workload 设计更高效的数据流、PE 阵列和存储层次。,围绕数据复用、PE 阵列、片上存储和量化/稀疏特性做协同设计。,hardware implementation or evaluation platform,area/resource; frequency; latency; throughput; power/energy; accuracy or workload quality,architecture,implementation-oriented evaluation,需要同时报告硬件指标和模型精度/任务质量，避免只优化单一指标。,学习如何把微架构、数据流、存储层次和实现指标连起来讲。,适合模仿方法图; 适合模仿实验表,https://doi.org/10.1109/tvlsi.2025.3530785,https://arxiv.org/pdf/2502.10063,03_TVLSI\pdfs\paper_05.pdf,03_TVLSI\notes\paper_05.md
paper_06,CapsBeam: Accelerating Capsule Network-Based Beamformer for Ultrasound Nonsteered Plane-Wave Imaging on Field-Programmable Gate Array,Abdul Rahoof; Vivek Chaturvedi; Mahesh Raveendranatha Panicker; Muhammad Shafique,2025,TVLSI,FPGA accelerator; AI / DNN / neuromorphic accelerator,如何在 FPGA 资源、带宽和时序约束下把目标算法映射成高吞吐/低延迟结构。,从算法数据流出发，设计并行度、流水线、存储 banking 和控制路径。,hardware implementation or evaluation platform,area/resource; frequency; latency; throughput; power/energy; accuracy or workload quality,accelerator,implementation-oriented evaluation,需要说明 FPGA 型号、工具版本和资源归一化方式，否则 SOTA 对比容易被质疑。,学习如何把微架构、数据流、存储层次和实现指标连起来讲。,适合模仿方法图; 适合模仿实验表,https://doi.org/10.1109/tvlsi.2025.3559403,https://arxiv.org/pdf/2509.03201,03_TVLSI\pdfs\paper_06.pdf,03_TVLSI\notes\paper_06.md
paper_07,SPEED: A Scalable RISC-V Vector Processor Enabling Efficient Multiprecision DNN Inference,Chuanning Wang; Chao Fang; Xiao Wu; Zhongfeng Wang; Jun Lin,2024,TVLSI,RISC-V / SoC / processor; AI / DNN / neuromorphic accelerator,如何通过处理器、SoC 或 ISA/微架构协同提升特定 workload 的性能、能效或安全性。,通过 ISA/微架构/SoC 集成和软件调用路径协同优化 workload。,RISC-V / SoC / processor platform,area/resource; frequency; latency; throughput; power/energy; accuracy or workload quality,architecture,implementation-oriented evaluation,需要同时报告硬件指标和模型精度/任务质量，避免只优化单一指标。,学习如何把微架构、数据流、存储层次和实现指标连起来讲。,适合模仿方法图; 适合模仿实验表,https://doi.org/10.1109/tvlsi.2024.3466224,https://arxiv.org/pdf/2409.14017,03_TVLSI\pdfs\paper_07.pdf,03_TVLSI\notes\paper_07.md
paper_08,Detect and Replace: Efficient Soft Error Protection of FPGA-Based CNN Accelerators,Zhen Gao; Y. Qi; Jinchang Shi; Qiang Liu; Guangjun Ge; Yu Wang; Pedro Reviriego,2024,TVLSI,FPGA accelerator; AI / DNN / neuromorphic accelerator,如何在 FPGA 资源、带宽和时序约束下把目标算法映射成高吞吐/低延迟结构。,从算法数据流出发，设计并行度、流水线、存储 banking 和控制路径。,FPGA,area/resource; frequency; latency; throughput; power/energy; accuracy or workload quality,architecture,FPGA implementation,需要说明 FPGA 型号、工具版本和资源归一化方式，否则 SOTA 对比容易被质疑。,学习如何把微架构、数据流、存储层次和实现指标连起来讲。,适合模仿方法图; 适合模仿实验表,https://doi.org/10.1109/tvlsi.2024.3443834,https://oa.upm.es/83243/3/83243.pdf,03_TVLSI\pdfs\paper_08.pdf,03_TVLSI\notes\paper_08.md
paper_09,High-Throughput Bilinear Pairing Processor for Server-Side FPGA Applications,Junichi Sakamoto; Daisuke Fujimoto; Riku Anzai; N. Yoshida; Tsutomu Matsumoto,2024,TVLSI,FPGA accelerator; RISC-V / SoC / processor,如何在 FPGA 资源、带宽和时序约束下把目标算法映射成高吞吐/低延迟结构。,从算法数据流出发，设计并行度、流水线、存储 banking 和控制路径。,FPGA,area/resource; frequency; latency; throughput; power/energy,architecture,FPGA implementation,需要说明 FPGA 型号、工具版本和资源归一化方式，否则 SOTA 对比容易被质疑。,学习如何把微架构、数据流、存储层次和实现指标连起来讲。,适合模仿方法图; 适合模仿实验表,https://doi.org/10.1109/tvlsi.2024.3402164,https://ieeexplore.ieee.org/ielx7/92/4359553/10539134.pdf,03_TVLSI\pdfs\paper_09.pdf,03_TVLSI\notes\paper_09.md
paper_10,An Energy Efficient Soft SIMD Microarchitecture and Its Application on Quantized CNNs,Pengbo Yu; Flavio Ponzina; Alexandre Levisse; Mohit Gupta; Dwaipayan Biswas; Giovanni Ansaloni; David Atienza; Francky Catthoor,2024,TVLSI,RISC-V / SoC / processor; AI / DNN / neuromorphic accelerator,如何通过处理器、SoC 或 ISA/微架构协同提升特定 workload 的性能、能效或安全性。,通过 ISA/微架构/SoC 集成和软件调用路径协同优化 workload。,hardware implementation or evaluation platform,area/resource; frequency; latency; throughput; power/energy; accuracy or workload quality,architecture,implementation-oriented evaluation,需要同时报告硬件指标和模型精度/任务质量，避免只优化单一指标。,学习如何把微架构、数据流、存储层次和实现指标连起来讲。,适合模仿方法图; 适合模仿实验表,https://doi.org/10.1109/tvlsi.2024.3375793,https://lirias.kuleuven.be/retrieve/457fd8c4-83d4-4b7a-9f05-d181ec08622e,03_TVLSI\pdfs\paper_10.pdf,03_TVLSI\notes\paper_10.md
paper_01,Efficient Error Detection for Matrix Multiplication With Systolic Arrays on FPGAs,F. Libano; Paolo Rech; John Brunhaver,2023,TC,FPGA accelerator; AI / DNN / neuromorphic accelerator; approximate / arithmetic computing,如何在 FPGA 资源、带宽和时序约束下把目标算法映射成高吞吐/低延迟结构。,从算法数据流出发，设计并行度、流水线、存储 banking 和控制路径。,FPGA,area/resource; frequency; latency; throughput; power/energy; error/quality metric; accuracy or workload quality,architecture,FPGA implementation,需要说明 FPGA 型号、工具版本和资源归一化方式，否则 SOTA 对比容易被质疑。,学习如何把局部硬件优化提升为系统级 workload 贡献。,适合模仿方法图; 适合模仿实验表,https://doi.org/10.1109/tc.2023.3248282,https://iris.unitn.it/bitstream/11572/376659/2/TC_2021_ASU_UFRGS_POLITO__Rev1_.pdf,04_TC\pdfs\paper_01.pdf,04_TC\notes\paper_01.md
paper_02,Ara2: Exploring Single- and Multi-Core Vector Processing With an Efficient RVV 1.0 Compliant Open-Source Processor,Matteo Perotti; Matheus Cavalcante; Renzo Andri; Lukas Cavigelli; Luca Benini,2024,TC,RISC-V / SoC / processor,如何通过处理器、SoC 或 ISA/微架构协同提升特定 workload 的性能、能效或安全性。,通过 ISA/微架构/SoC 集成和软件调用路径协同优化 workload。,RISC-V / SoC / processor platform,area/resource; frequency; latency; throughput; power/energy,architecture,implementation-oriented evaluation,需要把适用边界、实验平台和 baseline 公平性写清。,学习如何把局部硬件优化提升为系统级 workload 贡献。,适合模仿方法图; 适合模仿实验表,https://doi.org/10.1109/tc.2024.3388896,https://cris.unibo.it/bitstream/11585/1004690/3/2311.07493v2.pdf,04_TC\pdfs\paper_02.pdf,04_TC\notes\paper_02.md
paper_03,DeepFire2: A Convolutional Spiking Neural Network Accelerator on FPGAs,Myat Thu Linn Aung; Daniel Gerlinghoff; Chuping Qu; Liwei Yang; Tian Huang; Rick Siow Mong Goh,2023,TC,FPGA accelerator; AI / DNN / neuromorphic accelerator,如何在 FPGA 资源、带宽和时序约束下把目标算法映射成高吞吐/低延迟结构。,从算法数据流出发，设计并行度、流水线、存储 banking 和控制路径。,FPGA,area/resource; frequency; latency; throughput; power/energy; accuracy or workload quality,architecture,FPGA implementation,需要说明 FPGA 型号、工具版本和资源归一化方式，否则 SOTA 对比容易被质疑。,学习如何把局部硬件优化提升为系统级 workload 贡献。,适合模仿方法图; 适合模仿实验表,https://doi.org/10.1109/tc.2023.3272284,https://arxiv.org/pdf/2305.05187,04_TC\pdfs\paper_03.pdf,04_TC\notes\paper_03.md
paper_04,Co-Design of Approximate Multilayer Perceptron for Ultra-Resource Constrained Printed Circuits,Giorgos Armeniakos; Georgios Zervakis; Dimitrios Soudris; Mehdi B. Tahoori; Jörg Henkel,2023,TC,CIM / memory / emerging devices; AI / DNN / neuromorphic accelerator; approximate / arithmetic computing,如何突破数据搬移、存储阵列感测或新型器件可靠性的瓶颈。,围绕 cell/array/sensing/peripheral circuit 设计存内或近存计算机制。,hardware implementation or evaluation platform,area/resource; frequency; latency; throughput; power/energy; error/quality metric; accuracy or workload quality,circuit; CIM/memory,implementation-oriented evaluation,需要说明器件/阵列规模、PVT/variation 和外围电路开销。,学习如何把局部硬件优化提升为系统级 workload 贡献。,适合模仿方法图; 适合模仿实验表,https://doi.org/10.1109/tc.2023.3251863,https://publikationen.bibliothek.kit.edu/1000157029/150462488,04_TC\pdfs\paper_04.pdf,04_TC\notes\paper_04.md
paper_05,Multi-Objective Hardware-Mapping Co-Optimisation for Multi-DNN Workloads on Chiplet-Based Accelerators,Abhijit Das; Enrico Russo; Maurizio Palesi,2024,TC,FPGA accelerator; RISC-V / SoC / processor; AI / DNN / neuromorphic accelerator,如何在 FPGA 资源、带宽和时序约束下把目标算法映射成高吞吐/低延迟结构。,从算法数据流出发，设计并行度、流水线、存储 banking 和控制路径。,EDA benchmark / toolflow,area/resource; frequency; latency; throughput; power/energy; accuracy or workload quality,architecture; EDA/tool,benchmark/tool evaluation,需要说明 FPGA 型号、工具版本和资源归一化方式，否则 SOTA 对比容易被质疑。,学习如何把局部硬件优化提升为系统级 workload 贡献。,适合模仿方法图; 适合模仿实验表,https://doi.org/10.1109/tc.2024.3386067,https://upcommons.upc.edu/server/api/core/bitstreams/6e7eb28e-8ce3-4ca1-a14d-b72b79bb773d/content,04_TC\pdfs\paper_05.pdf,04_TC\notes\paper_05.md
paper_06,FPGA-Accelerated Range-Limited Molecular Dynamics,Chunshu Wu; Chen Yang; Sahan Bandara; Tong Geng; Anqi Guo; Pouya Haghi,2024,TC,FPGA accelerator,如何在 FPGA 资源、带宽和时序约束下把目标算法映射成高吞吐/低延迟结构。,从算法数据流出发，设计并行度、流水线、存储 banking 和控制路径。,FPGA,area/resource; frequency; latency; throughput; power/energy,architecture,FPGA implementation,需要说明 FPGA 型号、工具版本和资源归一化方式，否则 SOTA 对比容易被质疑。,学习如何把局部硬件优化提升为系统级 workload 贡献。,适合模仿方法图; 适合模仿实验表,https://doi.org/10.1109/tc.2024.3375613,https://www.osti.gov/servlets/purl/2425935,04_TC\pdfs\paper_06.pdf,04_TC\notes\paper_06.md
paper_07,Fast Inner-Product Algorithms and Architectures for Deep Neural Network Accelerators,Trevor E. Pogue; Nicola Nicolici,2023,TC,FPGA accelerator; AI / DNN / neuromorphic accelerator,如何在 FPGA 资源、带宽和时序约束下把目标算法映射成高吞吐/低延迟结构。,从算法数据流出发，设计并行度、流水线、存储 banking 和控制路径。,hardware implementation or evaluation platform,area/resource; frequency; latency; throughput; power/energy; accuracy or workload quality,architecture,implementation-oriented evaluation,需要说明 FPGA 型号、工具版本和资源归一化方式，否则 SOTA 对比容易被质疑。,学习如何把局部硬件优化提升为系统级 workload 贡献。,适合模仿方法图; 适合模仿实验表,https://doi.org/10.1109/tc.2023.3334140,https://arxiv.org/pdf/2311.12224,04_TC\pdfs\paper_07.pdf,04_TC\notes\paper_07.md
paper_08,TOP: Towards Open & Predictable Heterogeneous SoCs,Luca Valente; Francesco Restuccia; Davide Rossi; Ryan Kastner; Luca Benini,2024,TC,RISC-V / SoC / processor,如何通过处理器、SoC 或 ISA/微架构协同提升特定 workload 的性能、能效或安全性。,通过 ISA/微架构/SoC 集成和软件调用路径协同优化 workload。,RISC-V / SoC / processor platform,area/resource; frequency; latency; throughput; power/energy,architecture,ASIC measurement / silicon-oriented evaluation,需要把适用边界、实验平台和 baseline 公平性写清。,学习如何把局部硬件优化提升为系统级 workload 贡献。,适合模仿方法图; 适合模仿实验表,https://doi.org/10.1109/tc.2024.3441849,https://arxiv.org/pdf/2401.15639,04_TC\pdfs\paper_08.pdf,04_TC\notes\paper_08.md
paper_09,An FPGA-Based Open-Source Hardware-Software Framework for Side-Channel Security Research,Davide Zoni; Andrea Galimberti; Davide Galli,2025,TC,FPGA accelerator; cryptographic hardware / hardware security,如何在 FPGA 资源、带宽和时序约束下把目标算法映射成高吞吐/低延迟结构。,从算法数据流出发，设计并行度、流水线、存储 banking 和控制路径。,FPGA,area/resource; frequency; latency; throughput; power/energy; security/leakage/fault metric,security,FPGA implementation; formal/security evaluation,需要说明 FPGA 型号、工具版本和资源归一化方式，否则 SOTA 对比容易被质疑。,学习如何把局部硬件优化提升为系统级 workload 贡献。,适合模仿方法图; 适合模仿实验表; 适合模仿安全评估; 适合模仿 SOTA 对比,https://doi.org/10.1109/tc.2025.3551936,https://arxiv.org/pdf/2407.17432,04_TC\pdfs\paper_09.pdf,04_TC\notes\paper_09.md
paper_10,SCARF: Securing Chips With a Robust Framework Against Fabrication-Time Hardware Trojans,Mohammad Eslami; Tara Ghasempouri; Samuel Pagliarini,2024,TC,cryptographic hardware / hardware security,如何在密码算法或攻击模型约束下同时满足安全性、吞吐、延迟和硬件开销。,把密码算子、攻击路径或安全假设映射到专用 datapath、防护机制或评估流程。,hardware implementation or evaluation platform,area/resource; frequency; latency; throughput; power/energy; security/leakage/fault metric,architecture; security,formal/security evaluation,需要同时交代安全假设和硬件开销，不能只报性能或只报攻击效果。,学习如何把局部硬件优化提升为系统级 workload 贡献。,适合模仿安全评估; 适合模仿 SOTA 对比,https://doi.org/10.1109/tc.2024.3449082,https://arxiv.org/pdf/2402.12162,04_TC\pdfs\paper_10.pdf,04_TC\notes\paper_10.md
paper_01,A Triple-Memristor Hopfield Neural Network With Space Multistructure Attractors and Space Initial-Offset Behaviors,Hairong Lin; Chunhua Wang; Fei Yu; Qinghui Hong; Cong Xu; Yichuang Sun,2023,TCAD,CIM / memory / emerging devices; AI / DNN / neuromorphic accelerator,如何突破数据搬移、存储阵列感测或新型器件可靠性的瓶颈。,围绕 cell/array/sensing/peripheral circuit 设计存内或近存计算机制。,hardware implementation or evaluation platform,area/resource; frequency; latency; throughput; power/energy; accuracy or workload quality,CIM/memory,simulation/model analysis,需要说明器件/阵列规模、PVT/variation 和外围电路开销。,学习如何写工具流程、benchmark、ablation 和 QoR 改善。,适合模仿方法图; 适合模仿实验表,https://doi.org/10.1109/tcad.2023.3287760,https://uhra.herts.ac.uk/id/eprint/10482/1/TCAD_FINAL_VERSION.pdf,05_TCAD\pdfs\paper_01.pdf,05_TCAD\notes\paper_01.md
paper_02,Diversified Butterfly Attractors of Memristive HNN With Two Memristive Systems and Application in IoMT for Privacy Protection,Hairong Lin; Xiaoheng Deng; Fei Yu; Yichuang Sun,2024,TCAD,CIM / memory / emerging devices; AI / DNN / neuromorphic accelerator,如何突破数据搬移、存储阵列感测或新型器件可靠性的瓶颈。,围绕 cell/array/sensing/peripheral circuit 设计存内或近存计算机制。,hardware implementation or evaluation platform,area/resource; frequency; latency; throughput; power/energy; accuracy or workload quality,CIM/memory,simulation/model analysis,需要说明器件/阵列规模、PVT/variation 和外围电路开销。,学习如何写工具流程、benchmark、ablation 和 QoR 改善。,适合模仿方法图; 适合模仿实验表,https://doi.org/10.1109/tcad.2024.3429410,https://uhra.herts.ac.uk/id/eprint/11289/1/TCAD_IoMT.pdf,05_TCAD\pdfs\paper_02.pdf,05_TCAD\notes\paper_02.md
paper_03,"Efficient <i>N:M</i> Sparse DNN Training Using Algorithm, Architecture, and Dataflow Co-Design",Chao Fang; Wei Sun; Aojun Zhou; Zhongfeng Wang,2023,TCAD,AI / DNN / neuromorphic accelerator,如何针对 DNN/neuromorphic workload 设计更高效的数据流、PE 阵列和存储层次。,围绕数据复用、PE 阵列、片上存储和量化/稀疏特性做协同设计。,hardware implementation or evaluation platform,area/resource; frequency; latency; throughput; power/energy; accuracy or workload quality,architecture,implementation-oriented evaluation,需要同时报告硬件指标和模型精度/任务质量，避免只优化单一指标。,学习如何写工具流程、benchmark、ablation 和 QoR 改善。,适合模仿方法图; 适合模仿实验表,https://doi.org/10.1109/tcad.2023.3317789,https://arxiv.org/pdf/2309.13015,05_TCAD\pdfs\paper_03.pdf,05_TCAD\notes\paper_03.md
paper_04,Spatz: Clustering Compact RISC-V-Based Vector Units to Maximize Computing Efficiency,Matteo Perotti; Samuel Riedel; Matheus Cavalcante; Luca Benini,2025,TCAD,RISC-V / SoC / processor,如何通过处理器、SoC 或 ISA/微架构协同提升特定 workload 的性能、能效或安全性。,通过 ISA/微架构/SoC 集成和软件调用路径协同优化 workload。,RISC-V / SoC / processor platform,area/resource; frequency; latency; throughput; power/energy,architecture,implementation-oriented evaluation,需要把适用边界、实验平台和 baseline 公平性写清。,学习如何写工具流程、benchmark、ablation 和 QoR 改善。,适合模仿方法图; 适合模仿实验表,https://doi.org/10.1109/tcad.2025.3528349,https://arxiv.org/pdf/2309.10137,05_TCAD\pdfs\paper_04.pdf,05_TCAD\notes\paper_04.md
paper_05,Energy-Efficient Spintronic-Based Neuromorphic Computing System Using Current Mode Track and Termination Circuit,Pegah Shafaghi; Mehdi Dolatshahi; Hooman Farkhani,2023,TCAD,CIM / memory / emerging devices; AI / DNN / neuromorphic accelerator,如何突破数据搬移、存储阵列感测或新型器件可靠性的瓶颈。,围绕 cell/array/sensing/peripheral circuit 设计存内或近存计算机制。,hardware implementation or evaluation platform,area/resource; frequency; latency; throughput; power/energy; accuracy or workload quality,circuit; CIM/memory,implementation-oriented evaluation,需要说明器件/阵列规模、PVT/variation 和外围电路开销。,学习如何写工具流程、benchmark、ablation 和 QoR 改善。,适合模仿方法图; 适合模仿实验表,https://doi.org/10.1109/tcad.2023.3238879,https://pure.au.dk/ws/files/418783639/final_version-r0f63te8t0691ypmps50eeb0to9hy6e3_002_.pdf,05_TCAD\pdfs\paper_05.pdf,05_TCAD\notes\paper_05.md
paper_06,Bank on Compute-Near-Memory: Design Space Exploration of Processing-Near-Bank Architectures,Rafael Medina; Giovanni Ansaloni; Marina Zapater; Alexandre Levisse; Saeideh Alinezhad Chamazcoti; Timon Evenblij,2024,TCAD,CIM / memory / emerging devices,如何突破数据搬移、存储阵列感测或新型器件可靠性的瓶颈。,围绕 cell/array/sensing/peripheral circuit 设计存内或近存计算机制。,hardware implementation or evaluation platform,area/resource; frequency; latency; throughput; power/energy,architecture; CIM/memory,implementation-oriented evaluation,需要说明器件/阵列规模、PVT/variation 和外围电路开销。,学习如何写工具流程、benchmark、ablation 和 QoR 改善。,适合模仿引言; 适合模仿 SOTA 对比,https://doi.org/10.1109/tcad.2024.3442989,https://infoscience.epfl.ch/server/api/core/bitstreams/88a6c234-d588-4567-8883-2d4aa0889c12/content,05_TCAD\pdfs\paper_06.pdf,05_TCAD\notes\paper_06.md
paper_07,CRAFT: Criticality-Aware Fault-Tolerance Enhancement Techniques for Emerging Memories-Based Deep Neural Networks,Thai-Hoang Nguyen; Muhammad Imran; Jaehyuk Choi; Joon-Sung Yang,2023,TCAD,cryptographic hardware / hardware security; AI / DNN / neuromorphic accelerator,如何在密码算法或攻击模型约束下同时满足安全性、吞吐、延迟和硬件开销。,把密码算子、攻击路径或安全假设映射到专用 datapath、防护机制或评估流程。,security evaluation platform,area/resource; frequency; latency; throughput; power/energy; security/leakage/fault metric; accuracy or workload quality,security,formal/security evaluation,需要同时交代安全假设和硬件开销，不能只报性能或只报攻击效果。,学习如何写工具流程、benchmark、ablation 和 QoR 改善。,适合模仿方法图; 适合模仿实验表; 适合模仿安全评估; 适合模仿 SOTA 对比,https://doi.org/10.1109/tcad.2023.3240659,https://arxiv.org/pdf/2302.03862,05_TCAD\pdfs\paper_07.pdf,05_TCAD\notes\paper_07.md
paper_08,A Highly Reliable Dual-Mode RRAM PUF With Key Concealment Scheme,Jiang Li; Yijun Cui; Chongyan Gu; Chenghua Wang; Weiqiang Liu; Shahar Kvatinsky,2025,TCAD,cryptographic hardware / hardware security; CIM / memory / emerging devices,如何在密码算法或攻击模型约束下同时满足安全性、吞吐、延迟和硬件开销。,把密码算子、攻击路径或安全假设映射到专用 datapath、防护机制或评估流程。,hardware implementation or evaluation platform,area/resource; frequency; latency; throughput; power/energy; security/leakage/fault metric,circuit; security; CIM/memory,formal/security evaluation,需要同时交代安全假设和硬件开销，不能只报性能或只报攻击效果。,学习如何写工具流程、benchmark、ablation 和 QoR 改善。,适合模仿安全评估; 适合模仿 SOTA 对比,https://doi.org/10.1109/tcad.2025.3536376,https://pureadmin.qub.ac.uk/ws/files/636894778/A_Highly_Reliable_Dual-Mode_RRAM_PUF_With_Key_Concealment_Scheme.pdf,05_TCAD\pdfs\paper_08.pdf,05_TCAD\notes\paper_08.md
paper_09,When Random Is Bad: Selective CRPs for Protecting PUFs Against Modeling Attacks,Mieszko Ferens; Edlira Dushku; Sokol Kosta,2024,TCAD,cryptographic hardware / hardware security,如何在密码算法或攻击模型约束下同时满足安全性、吞吐、延迟和硬件开销。,把密码算子、攻击路径或安全假设映射到专用 datapath、防护机制或评估流程。,security evaluation platform,area/resource; frequency; latency; throughput; power/energy; security/leakage/fault metric,circuit; security,simulation/model analysis; formal/security evaluation,需要同时交代安全假设和硬件开销，不能只报性能或只报攻击效果。,学习如何写工具流程、benchmark、ablation 和 QoR 改善。,适合模仿安全评估; 适合模仿 SOTA 对比,https://doi.org/10.1109/tcad.2024.3506217,https://vbn.aau.dk/ws/files/755415258/acceptedManuscript.pdf,05_TCAD\pdfs\paper_09.pdf,05_TCAD\notes\paper_09.md
paper_10,MAFIA: Protecting the Microarchitecture of Embedded Systems Against Fault Injection Attacks,Thomas Chamelot; Damien Couroussé; Karine Heydemann,2023,TCAD,RISC-V / SoC / processor; cryptographic hardware / hardware security,如何通过处理器、SoC 或 ISA/微架构协同提升特定 workload 的性能、能效或安全性。,通过 ISA/微架构/SoC 集成和软件调用路径协同优化 workload。,security evaluation platform,area/resource; frequency; latency; throughput; power/energy; security/leakage/fault metric,architecture; security,formal/security evaluation,需要同时交代安全假设和硬件开销，不能只报性能或只报攻击效果。,学习如何写工具流程、benchmark、ablation 和 QoR 改善。,适合模仿方法图; 适合模仿实验表; 适合模仿安全评估; 适合模仿 SOTA 对比,https://doi.org/10.1109/tcad.2023.3276507,https://arxiv.org/pdf/2309.02255,05_TCAD\pdfs\paper_10.pdf,05_TCAD\notes\paper_10.md
paper_01,BASALISC: Programmable Hardware Accelerator for BGV Fully Homomorphic Encryption,Robin Geelen; Michiel Van Beirendonck; Hilder V. L. Pereira; Brian Huffman; Tynan McAuley; Ben Selfridge,2023,TCHES/CHES,FPGA accelerator,如何在 FPGA 资源、带宽和时序约束下把目标算法映射成高吞吐/低延迟结构。,从算法数据流出发，设计并行度、流水线、存储 banking 和控制路径。,hardware implementation or evaluation platform,area/resource; frequency; latency; throughput; power/energy,architecture,implementation-oriented evaluation,需要说明 FPGA 型号、工具版本和资源归一化方式，否则 SOTA 对比容易被质疑。,学习如何把硬件实现和安全证据一起写，避免安全 claim 悬空。,适合模仿方法图; 适合模仿实验表,https://doi.org/10.46586/tches.v2023.i4.32-57,https://tches.iacr.org/index.php/TCHES/article/download/11157/10596,06_TCHES_CHES\pdfs\paper_01.pdf,06_TCHES_CHES\notes\paper_01.md
paper_02,A Highly-efficient Lattice-based Post-Quantum Cryptography Processor for IoT Applications,Zewen Ye; Ruibing Song; Hao Zhang; Donglong Chen; Ray Chak-Chung Cheung; Kejie Huang,2024,TCHES/CHES,RISC-V / SoC / processor; cryptographic hardware / hardware security,如何通过处理器、SoC 或 ISA/微架构协同提升特定 workload 的性能、能效或安全性。,通过 ISA/微架构/SoC 集成和软件调用路径协同优化 workload。,RISC-V / SoC / processor platform,area/resource; frequency; latency; throughput; power/energy; security/leakage/fault metric,architecture; security,implementation-oriented evaluation,需要同时交代安全假设和硬件开销，不能只报性能或只报攻击效果。,学习如何把硬件实现和安全证据一起写，避免安全 claim 悬空。,适合模仿方法图; 适合模仿实验表; 适合模仿安全评估; 适合模仿 SOTA 对比,https://doi.org/10.46586/tches.v2024.i2.130-153,https://tches.iacr.org/index.php/TCHES/article/download/11423/10929,06_TCHES_CHES\pdfs\paper_02.pdf,06_TCHES_CHES\notes\paper_02.md
paper_03,Pushing the Limits of Generic Side-Channel Attacks on LWE-based KEMs - Parallel PC Oracle Attacks on Kyber KEM and Beyond,Gokulnath Rajendran; Prasanna Ravi; Jan-Pieter D’Anvers; Shivam Bhasin; Anupam Chattopadhyay,2023,TCHES/CHES,cryptographic hardware / hardware security,如何在密码算法或攻击模型约束下同时满足安全性、吞吐、延迟和硬件开销。,把密码算子、攻击路径或安全假设映射到专用 datapath、防护机制或评估流程。,security evaluation platform,area/resource; frequency; latency; throughput; power/energy; security/leakage/fault metric,security,formal/security evaluation,需要同时交代安全假设和硬件开销，不能只报性能或只报攻击效果。,学习如何把硬件实现和安全证据一起写，避免安全 claim 悬空。,适合模仿安全评估; 适合模仿 SOTA 对比,https://doi.org/10.46586/tches.v2023.i2.418-446,https://tches.iacr.org/index.php/TCHES/article/download/10289/9738,06_TCHES_CHES\pdfs\paper_03.pdf,06_TCHES_CHES\notes\paper_03.md
paper_04,Exploiting Intermediate Value Leakage in Dilithium: A Template-Based Approach,Alexandre Berzati; Andersson Calle Viera; Maya Chartouny; Steven Madec; Damien Vergnaud; David Vigilant,2023,TCHES/CHES,cryptographic hardware / hardware security,如何在密码算法或攻击模型约束下同时满足安全性、吞吐、延迟和硬件开销。,把密码算子、攻击路径或安全假设映射到专用 datapath、防护机制或评估流程。,hardware implementation or evaluation platform,area/resource; frequency; latency; throughput; power/energy; security/leakage/fault metric,security,implementation-oriented evaluation,需要同时交代安全假设和硬件开销，不能只报性能或只报攻击效果。,学习如何把硬件实现和安全证据一起写，避免安全 claim 悬空。,适合模仿安全评估; 适合模仿 SOTA 对比,https://doi.org/10.46586/tches.v2023.i4.188-210,https://tches.iacr.org/index.php/TCHES/article/download/11163/10602,06_TCHES_CHES\pdfs\paper_04.pdf,06_TCHES_CHES\notes\paper_04.md
paper_05,HAETAE: Shorter Lattice-Based Fiat-Shamir Signatures,Jung Hee Cheon; Hyeongmin Choe; Julien Devevey; Tim Güneysu; Dongyeon Hong; Markus Krausz,2024,TCHES/CHES,cryptographic hardware / hardware security; EDA / CAD / design automation,如何在密码算法或攻击模型约束下同时满足安全性、吞吐、延迟和硬件开销。,把密码算子、攻击路径或安全假设映射到专用 datapath、防护机制或评估流程。,security evaluation platform,area/resource; frequency; latency; throughput; power/energy; security/leakage/fault metric; runtime; QoR; ablation,EDA/tool; security,formal/security evaluation,需要同时交代安全假设和硬件开销，不能只报性能或只报攻击效果。,学习如何把硬件实现和安全证据一起写，避免安全 claim 悬空。,适合模仿 related work; 适合模仿消融实验; 适合模仿安全评估; 适合模仿 SOTA 对比,https://doi.org/10.46586/tches.v2024.i3.25-75,https://tches.iacr.org/index.php/TCHES/article/download/11669/11189,06_TCHES_CHES\pdfs\paper_05.pdf,06_TCHES_CHES\notes\paper_05.md
paper_06,Protecting Dilithium against Leakage,Melissa Azouaoui; Olivier Bronchain; Gaëtan Cassiers; Clément Hoffmann; Yulia Kuzovkova; Joost Renes,2023,TCHES/CHES,cryptographic hardware / hardware security,如何在密码算法或攻击模型约束下同时满足安全性、吞吐、延迟和硬件开销。,把密码算子、攻击路径或安全假设映射到专用 datapath、防护机制或评估流程。,hardware implementation or evaluation platform,area/resource; frequency; latency; throughput; power/energy; security/leakage/fault metric,security,implementation-oriented evaluation,需要同时交代安全假设和硬件开销，不能只报性能或只报攻击效果。,学习如何把硬件实现和安全证据一起写，避免安全 claim 悬空。,适合模仿安全评估; 适合模仿 SOTA 对比,https://doi.org/10.46586/tches.v2023.i4.58-79,https://tches.iacr.org/index.php/TCHES/article/download/11158/10597,06_TCHES_CHES\pdfs\paper_06.pdf,06_TCHES_CHES\notes\paper_06.md
paper_07,Deep Learning Side-Channel Collision Attack,Marvin Staib; Amir Moradi,2023,TCHES/CHES,cryptographic hardware / hardware security,如何在密码算法或攻击模型约束下同时满足安全性、吞吐、延迟和硬件开销。,把密码算子、攻击路径或安全假设映射到专用 datapath、防护机制或评估流程。,security evaluation platform,area/resource; frequency; latency; throughput; power/energy; security/leakage/fault metric,security,formal/security evaluation,需要同时交代安全假设和硬件开销，不能只报性能或只报攻击效果。,学习如何把硬件实现和安全证据一起写，避免安全 claim 悬空。,适合模仿安全评估; 适合模仿 SOTA 对比,https://doi.org/10.46586/tches.v2023.i3.422-444,https://tches.iacr.org/index.php/TCHES/article/download/10969/10276,06_TCHES_CHES\pdfs\paper_07.pdf,06_TCHES_CHES\notes\paper_07.md
paper_08,RDS: FPGA Routing Delay Sensors for Effective Remote Power Analysis Attacks,David Spielmann; Ognjen Glamočanin; Mirjana Stojilović,2023,TCHES/CHES,FPGA accelerator; EDA / CAD / design automation; measurement / sensor SoC,如何在 FPGA 资源、带宽和时序约束下把目标算法映射成高吞吐/低延迟结构。,从算法数据流出发，设计并行度、流水线、存储 banking 和控制路径。,FPGA,area/resource; frequency; latency; throughput; power/energy; runtime; QoR; ablation,EDA/tool; measurement,FPGA implementation; benchmark/tool evaluation,需要说明 FPGA 型号、工具版本和资源归一化方式，否则 SOTA 对比容易被质疑。,学习如何把硬件实现和安全证据一起写，避免安全 claim 悬空。,适合模仿方法图; 适合模仿实验表; 适合模仿 related work; 适合模仿消融实验,https://doi.org/10.46586/tches.v2023.i2.543-567,https://tches.iacr.org/index.php/TCHES/article/download/10293/9743,06_TCHES_CHES\pdfs\paper_08.pdf,06_TCHES_CHES\notes\paper_08.md
paper_09,Fiddling the Twiddle Constants - Fault Injection Analysis of the Number Theoretic Transform,Prasanna Ravi; Bolin Yang; Shivam Bhasin; Fan Zhang; Anupam Chattopadhyay,2023,TCHES/CHES,cryptographic hardware / hardware security,如何在密码算法或攻击模型约束下同时满足安全性、吞吐、延迟和硬件开销。,把密码算子、攻击路径或安全假设映射到专用 datapath、防护机制或评估流程。,security evaluation platform,area/resource; frequency; latency; throughput; power/energy; security/leakage/fault metric,security,formal/security evaluation,需要同时交代安全假设和硬件开销，不能只报性能或只报攻击效果。,学习如何把硬件实现和安全证据一起写，避免安全 claim 悬空。,适合模仿安全评估; 适合模仿 SOTA 对比,https://doi.org/10.46586/tches.v2023.i2.447-481,https://tches.iacr.org/index.php/TCHES/article/download/10290/9739,06_TCHES_CHES\pdfs\paper_09.pdf,06_TCHES_CHES\notes\paper_09.md
paper_10,Conditional Variational AutoEncoder based on Stochastic Attacks,Gabriel Zaid; Lilian Bossuet; Mathieu Carbone; Amaury Habrard; Alexandre Venelli,2023,TCHES/CHES,cryptographic hardware / hardware security,如何在密码算法或攻击模型约束下同时满足安全性、吞吐、延迟和硬件开销。,把密码算子、攻击路径或安全假设映射到专用 datapath、防护机制或评估流程。,security evaluation platform,area/resource; frequency; latency; throughput; power/energy; security/leakage/fault metric,circuit; security,formal/security evaluation,需要同时交代安全假设和硬件开销，不能只报性能或只报攻击效果。,学习如何把硬件实现和安全证据一起写，避免安全 claim 悬空。,适合模仿安全评估; 适合模仿 SOTA 对比,https://doi.org/10.46586/tches.v2023.i2.310-357,https://tches.iacr.org/index.php/TCHES/article/download/10286/9735,06_TCHES_CHES\pdfs\paper_10.pdf,06_TCHES_CHES\notes\paper_10.md
