doi,venue_group,year,title,source_type,status,url,notes
10.1109/tcsi.2016.2555248,TCASI,2016,Lightweight TRNG Based on Multiphase Timing of Bistables,google_scholar,search_url_only,https://scholar.google.com/scholar?q=%22Lightweight%20TRNG%20Based%20on%20Multiphase%20Timing%20of%20Bistables%22,Generated search URL; use browser/all-versions/manual review. Not treated as a PDF source.
10.1109/tcsi.2016.2555248,TCASI,2016,Lightweight TRNG Based on Multiphase Timing of Bistables,researchgate,search_url_only,https://www.researchgate.net/search/publication?q=%22Lightweight%20TRNG%20Based%20on%20Multiphase%20Timing%20of%20Bistables%22,Generated search URL; use browser/all-versions/manual review. Not treated as a PDF source.
10.1109/tcsi.2016.2555248,TCASI,2016,Lightweight TRNG Based on Multiphase Timing of Bistables,internet_archive_scholar,search_url_only,https://scholar.archive.org/search?q=%22Lightweight%20TRNG%20Based%20on%20Multiphase%20Timing%20of%20Bistables%22,Generated search URL; use browser/all-versions/manual review. Not treated as a PDF source.
10.1109/tcsi.2016.2555248,TCASI,2016,Lightweight TRNG Based on Multiphase Timing of Bistables,dblp,search_url_only,https://dblp.org/search?q=%22Lightweight%20TRNG%20Based%20on%20Multiphase%20Timing%20of%20Bistables%22,Generated search URL; use browser/all-versions/manual review. Not treated as a PDF source.
10.1109/tcsi.2016.2555248,TCASI,2016,Lightweight TRNG Based on Multiphase Timing of Bistables,semantic_scholar,search_url_only,https://www.semanticscholar.org/search?q=%22Lightweight%20TRNG%20Based%20on%20Multiphase%20Timing%20of%20Bistables%22&sort=relevance,Generated search URL; use browser/all-versions/manual review. Not treated as a PDF source.
10.1109/tcsi.2020.3037173,TCASI,2020,High-Throughput Portable True Random Number Generator Based on Jitter-Latch Structure,google_scholar,search_url_only,https://scholar.google.com/scholar?q=%22High-Throughput%20Portable%20True%20Random%20Number%20Generator%20Based%20on%20Jitter-Latch%20Structure%22,Generated search URL; use browser/all-versions/manual review. Not treated as a PDF source.
10.1109/tcsi.2020.3037173,TCASI,2020,High-Throughput Portable True Random Number Generator Based on Jitter-Latch Structure,researchgate,search_url_only,https://www.researchgate.net/search/publication?q=%22High-Throughput%20Portable%20True%20Random%20Number%20Generator%20Based%20on%20Jitter-Latch%20Structure%22,Generated search URL; use browser/all-versions/manual review. Not treated as a PDF source.
10.1109/tcsi.2020.3037173,TCASI,2020,High-Throughput Portable True Random Number Generator Based on Jitter-Latch Structure,internet_archive_scholar,search_url_only,https://scholar.archive.org/search?q=%22High-Throughput%20Portable%20True%20Random%20Number%20Generator%20Based%20on%20Jitter-Latch%20Structure%22,Generated search URL; use browser/all-versions/manual review. Not treated as a PDF source.
10.1109/tcsi.2020.3037173,TCASI,2020,High-Throughput Portable True Random Number Generator Based on Jitter-Latch Structure,dblp,search_url_only,https://dblp.org/search?q=%22High-Throughput%20Portable%20True%20Random%20Number%20Generator%20Based%20on%20Jitter-Latch%20Structure%22,Generated search URL; use browser/all-versions/manual review. Not treated as a PDF source.
10.1109/tcsi.2020.3037173,TCASI,2020,High-Throughput Portable True Random Number Generator Based on Jitter-Latch Structure,semantic_scholar,search_url_only,https://www.semanticscholar.org/search?q=%22High-Throughput%20Portable%20True%20Random%20Number%20Generator%20Based%20on%20Jitter-Latch%20Structure%22&sort=relevance,Generated search URL; use browser/all-versions/manual review. Not treated as a PDF source.
10.1109/tcsi.2020.3037173,TCASI,2020,High-Throughput Portable True Random Number Generator Based on Jitter-Latch Structure,citation_page,can_try_browser,https://www.scinapse.io/papers/3107348029,Scinapse metadata page found by web search; no direct PDF confirmed.
10.1109/tcsi.2020.3037173,TCASI,2020,High-Throughput Portable True Random Number Generator Based on Jitter-Latch Structure,citation_page,can_try_browser,https://cir.nii.ac.jp/crid/1360582248978911872,CiNii metadata page found by web search; may expose IEEE links only.
10.1109/tcsi.2021.3087512,TCASI,2021,A New Energy-Efficient and High Throughput Two-Phase Multi-Bit per Cycle Ring Oscillator-Based True Random Number Generator,google_scholar,search_url_only,https://scholar.google.com/scholar?q=%22A%20New%20Energy-Efficient%20and%20High%20Throughput%20Two-Phase%20Multi-Bit%20per%20Cycle%20Ring%20Oscillator-Based%20True%20Random%20Number%20Generator%22,Generated search URL; use browser/all-versions/manual review. Not treated as a PDF source.
10.1109/tcsi.2021.3087512,TCASI,2021,A New Energy-Efficient and High Throughput Two-Phase Multi-Bit per Cycle Ring Oscillator-Based True Random Number Generator,researchgate,search_url_only,https://www.researchgate.net/search/publication?q=%22A%20New%20Energy-Efficient%20and%20High%20Throughput%20Two-Phase%20Multi-Bit%20per%20Cycle%20Ring%20Oscillator-Based%20True%20Random%20Number%20Generator%22,Generated search URL; use browser/all-versions/manual review. Not treated as a PDF source.
10.1109/tcsi.2021.3087512,TCASI,2021,A New Energy-Efficient and High Throughput Two-Phase Multi-Bit per Cycle Ring Oscillator-Based True Random Number Generator,internet_archive_scholar,search_url_only,https://scholar.archive.org/search?q=%22A%20New%20Energy-Efficient%20and%20High%20Throughput%20Two-Phase%20Multi-Bit%20per%20Cycle%20Ring%20Oscillator-Based%20True%20Random%20Number%20Generator%22,Generated search URL; use browser/all-versions/manual review. Not treated as a PDF source.
10.1109/tcsi.2021.3087512,TCASI,2021,A New Energy-Efficient and High Throughput Two-Phase Multi-Bit per Cycle Ring Oscillator-Based True Random Number Generator,dblp,search_url_only,https://dblp.org/search?q=%22A%20New%20Energy-Efficient%20and%20High%20Throughput%20Two-Phase%20Multi-Bit%20per%20Cycle%20Ring%20Oscillator-Based%20True%20Random%20Number%20Generator%22,Generated search URL; use browser/all-versions/manual review. Not treated as a PDF source.
10.1109/tcsi.2021.3087512,TCASI,2021,A New Energy-Efficient and High Throughput Two-Phase Multi-Bit per Cycle Ring Oscillator-Based True Random Number Generator,semantic_scholar,search_url_only,https://www.semanticscholar.org/search?q=%22A%20New%20Energy-Efficient%20and%20High%20Throughput%20Two-Phase%20Multi-Bit%20per%20Cycle%20Ring%20Oscillator-Based%20True%20Random%20Number%20Generator%22&sort=relevance,Generated search URL; use browser/all-versions/manual review. Not treated as a PDF source.
10.1109/tcsi.2021.3087512,TCASI,2021,A New Energy-Efficient and High Throughput Two-Phase Multi-Bit per Cycle Ring Oscillator-Based True Random Number Generator,citation_page,can_try_browser,https://cir.nii.ac.jp/crid/1360299149218731136,CiNii metadata page found by web search; no direct PDF confirmed.
10.1109/tcsi.2023.3287162,TCASI,2023,Design of True Random Number Generator Based on Multi-Ring Convergence Oscillator Using Short Pulse Enhanced Randomness,google_scholar,search_url_only,https://scholar.google.com/scholar?q=%22Design%20of%20True%20Random%20Number%20Generator%20Based%20on%20Multi-Ring%20Convergence%20Oscillator%20Using%20Short%20Pulse%20Enhanced%20Randomness%22,Generated search URL; use browser/all-versions/manual review. Not treated as a PDF source.
10.1109/tcsi.2023.3287162,TCASI,2023,Design of True Random Number Generator Based on Multi-Ring Convergence Oscillator Using Short Pulse Enhanced Randomness,researchgate,search_url_only,https://www.researchgate.net/search/publication?q=%22Design%20of%20True%20Random%20Number%20Generator%20Based%20on%20Multi-Ring%20Convergence%20Oscillator%20Using%20Short%20Pulse%20Enhanced%20Randomness%22,Generated search URL; use browser/all-versions/manual review. Not treated as a PDF source.
10.1109/tcsi.2023.3287162,TCASI,2023,Design of True Random Number Generator Based on Multi-Ring Convergence Oscillator Using Short Pulse Enhanced Randomness,internet_archive_scholar,search_url_only,https://scholar.archive.org/search?q=%22Design%20of%20True%20Random%20Number%20Generator%20Based%20on%20Multi-Ring%20Convergence%20Oscillator%20Using%20Short%20Pulse%20Enhanced%20Randomness%22,Generated search URL; use browser/all-versions/manual review. Not treated as a PDF source.
10.1109/tcsi.2023.3287162,TCASI,2023,Design of True Random Number Generator Based on Multi-Ring Convergence Oscillator Using Short Pulse Enhanced Randomness,dblp,search_url_only,https://dblp.org/search?q=%22Design%20of%20True%20Random%20Number%20Generator%20Based%20on%20Multi-Ring%20Convergence%20Oscillator%20Using%20Short%20Pulse%20Enhanced%20Randomness%22,Generated search URL; use browser/all-versions/manual review. Not treated as a PDF source.
10.1109/tcsi.2023.3287162,TCASI,2023,Design of True Random Number Generator Based on Multi-Ring Convergence Oscillator Using Short Pulse Enhanced Randomness,semantic_scholar,search_url_only,https://www.semanticscholar.org/search?q=%22Design%20of%20True%20Random%20Number%20Generator%20Based%20on%20Multi-Ring%20Convergence%20Oscillator%20Using%20Short%20Pulse%20Enhanced%20Randomness%22&sort=relevance,Generated search URL; use browser/all-versions/manual review. Not treated as a PDF source.
10.1109/tcsi.2023.3287162,TCASI,2023,Design of True Random Number Generator Based on Multi-Ring Convergence Oscillator Using Short Pulse Enhanced Randomness,researchgate,manual_request_only,https://www.researchgate.net/publication/372712450_Design_of_True_Random_Number_Generator_Based_on_Multi-Ring_Convergence_Oscillator_Using_Short_Pulse_Enhanced_Randomness,ResearchGate page says Request full-text PDF / no full-text available.
10.1109/tcsi.2023.3287162,TCASI,2023,Design of True Random Number Generator Based on Multi-Ring Convergence Oscillator Using Short Pulse Enhanced Randomness,dblp,can_try_browser,https://dblp.org/rec/journals/tcasI/NiPBYHYWW23,DBLP record; useful for Google Scholar/all versions follow-up.
10.1109/tcsi.2023.3343114,TCASI,2024,Characterization of Oscillator Phase Noise Arising From Multiple Sources for ASIC True Random Number Generation,google_scholar,search_url_only,https://scholar.google.com/scholar?q=%22Characterization%20of%20Oscillator%20Phase%20Noise%20Arising%20From%20Multiple%20Sources%20for%20ASIC%20True%20Random%20Number%20Generation%22,Generated search URL; use browser/all-versions/manual review. Not treated as a PDF source.
10.1109/tcsi.2023.3343114,TCASI,2024,Characterization of Oscillator Phase Noise Arising From Multiple Sources for ASIC True Random Number Generation,researchgate,search_url_only,https://www.researchgate.net/search/publication?q=%22Characterization%20of%20Oscillator%20Phase%20Noise%20Arising%20From%20Multiple%20Sources%20for%20ASIC%20True%20Random%20Number%20Generation%22,Generated search URL; use browser/all-versions/manual review. Not treated as a PDF source.
10.1109/tcsi.2023.3343114,TCASI,2024,Characterization of Oscillator Phase Noise Arising From Multiple Sources for ASIC True Random Number Generation,internet_archive_scholar,search_url_only,https://scholar.archive.org/search?q=%22Characterization%20of%20Oscillator%20Phase%20Noise%20Arising%20From%20Multiple%20Sources%20for%20ASIC%20True%20Random%20Number%20Generation%22,Generated search URL; use browser/all-versions/manual review. Not treated as a PDF source.
10.1109/tcsi.2023.3343114,TCASI,2024,Characterization of Oscillator Phase Noise Arising From Multiple Sources for ASIC True Random Number Generation,dblp,search_url_only,https://dblp.org/search?q=%22Characterization%20of%20Oscillator%20Phase%20Noise%20Arising%20From%20Multiple%20Sources%20for%20ASIC%20True%20Random%20Number%20Generation%22,Generated search URL; use browser/all-versions/manual review. Not treated as a PDF source.
10.1109/tcsi.2023.3343114,TCASI,2024,Characterization of Oscillator Phase Noise Arising From Multiple Sources for ASIC True Random Number Generation,semantic_scholar,search_url_only,https://www.semanticscholar.org/search?q=%22Characterization%20of%20Oscillator%20Phase%20Noise%20Arising%20From%20Multiple%20Sources%20for%20ASIC%20True%20Random%20Number%20Generation%22&sort=relevance,Generated search URL; use browser/all-versions/manual review. Not treated as a PDF source.
10.1109/tcsii.2019.2919891,TCASII,2019,FPGA-Based True Random Number Generation Using Programmable Delays in Oscillator-Rings,google_scholar,search_url_only,https://scholar.google.com/scholar?q=%22FPGA-Based%20True%20Random%20Number%20Generation%20Using%20Programmable%20Delays%20in%20Oscillator-Rings%22,Generated search URL; use browser/all-versions/manual review. Not treated as a PDF source.
10.1109/tcsii.2019.2919891,TCASII,2019,FPGA-Based True Random Number Generation Using Programmable Delays in Oscillator-Rings,researchgate,search_url_only,https://www.researchgate.net/search/publication?q=%22FPGA-Based%20True%20Random%20Number%20Generation%20Using%20Programmable%20Delays%20in%20Oscillator-Rings%22,Generated search URL; use browser/all-versions/manual review. Not treated as a PDF source.
10.1109/tcsii.2019.2919891,TCASII,2019,FPGA-Based True Random Number Generation Using Programmable Delays in Oscillator-Rings,internet_archive_scholar,search_url_only,https://scholar.archive.org/search?q=%22FPGA-Based%20True%20Random%20Number%20Generation%20Using%20Programmable%20Delays%20in%20Oscillator-Rings%22,Generated search URL; use browser/all-versions/manual review. Not treated as a PDF source.
10.1109/tcsii.2019.2919891,TCASII,2019,FPGA-Based True Random Number Generation Using Programmable Delays in Oscillator-Rings,dblp,search_url_only,https://dblp.org/search?q=%22FPGA-Based%20True%20Random%20Number%20Generation%20Using%20Programmable%20Delays%20in%20Oscillator-Rings%22,Generated search URL; use browser/all-versions/manual review. Not treated as a PDF source.
10.1109/tcsii.2019.2919891,TCASII,2019,FPGA-Based True Random Number Generation Using Programmable Delays in Oscillator-Rings,semantic_scholar,search_url_only,https://www.semanticscholar.org/search?q=%22FPGA-Based%20True%20Random%20Number%20Generation%20Using%20Programmable%20Delays%20in%20Oscillator-Rings%22&sort=relevance,Generated search URL; use browser/all-versions/manual review. Not treated as a PDF source.
10.1109/tcsii.2019.2919891,TCASII,2019,FPGA-Based True Random Number Generation Using Programmable Delays in Oscillator-Rings,researchgate,manual_request_only,https://www.researchgate.net/publication/333501769_FPGA-Based_True_Random_Number_Generation_Using_Programmable_Delays_in_Oscillator-Rings,ResearchGate page found; treat as request/review only.
10.1109/tcsii.2019.2919891,TCASII,2019,FPGA-Based True Random Number Generation Using Programmable Delays in Oscillator-Rings,author_page,can_try_browser,https://research.iitj.ac.in/publication/fpga-based-true-random-number-generation-using-programmable,IIT Jodhpur publication page found; no direct PDF confirmed.
10.1109/tcsii.2019.2926555,TCASII,2019,An Analysis of DCM-Based True Random Number Generator,google_scholar,search_url_only,https://scholar.google.com/scholar?q=%22An%20Analysis%20of%20DCM-Based%20True%20Random%20Number%20Generator%22,Generated search URL; use browser/all-versions/manual review. Not treated as a PDF source.
10.1109/tcsii.2019.2926555,TCASII,2019,An Analysis of DCM-Based True Random Number Generator,researchgate,search_url_only,https://www.researchgate.net/search/publication?q=%22An%20Analysis%20of%20DCM-Based%20True%20Random%20Number%20Generator%22,Generated search URL; use browser/all-versions/manual review. Not treated as a PDF source.
10.1109/tcsii.2019.2926555,TCASII,2019,An Analysis of DCM-Based True Random Number Generator,internet_archive_scholar,search_url_only,https://scholar.archive.org/search?q=%22An%20Analysis%20of%20DCM-Based%20True%20Random%20Number%20Generator%22,Generated search URL; use browser/all-versions/manual review. Not treated as a PDF source.
10.1109/tcsii.2019.2926555,TCASII,2019,An Analysis of DCM-Based True Random Number Generator,dblp,search_url_only,https://dblp.org/search?q=%22An%20Analysis%20of%20DCM-Based%20True%20Random%20Number%20Generator%22,Generated search URL; use browser/all-versions/manual review. Not treated as a PDF source.
10.1109/tcsii.2019.2926555,TCASII,2019,An Analysis of DCM-Based True Random Number Generator,semantic_scholar,search_url_only,https://www.semanticscholar.org/search?q=%22An%20Analysis%20of%20DCM-Based%20True%20Random%20Number%20Generator%22&sort=relevance,Generated search URL; use browser/all-versions/manual review. Not treated as a PDF source.
10.1109/tcsii.2021.3111049,TCASII,2021,Design of True Random Number Generator Based on Multi-Stage Feedback Ring Oscillator,google_scholar,search_url_only,https://scholar.google.com/scholar?q=%22Design%20of%20True%20Random%20Number%20Generator%20Based%20on%20Multi-Stage%20Feedback%20Ring%20Oscillator%22,Generated search URL; use browser/all-versions/manual review. Not treated as a PDF source.
10.1109/tcsii.2021.3111049,TCASII,2021,Design of True Random Number Generator Based on Multi-Stage Feedback Ring Oscillator,researchgate,search_url_only,https://www.researchgate.net/search/publication?q=%22Design%20of%20True%20Random%20Number%20Generator%20Based%20on%20Multi-Stage%20Feedback%20Ring%20Oscillator%22,Generated search URL; use browser/all-versions/manual review. Not treated as a PDF source.
10.1109/tcsii.2021.3111049,TCASII,2021,Design of True Random Number Generator Based on Multi-Stage Feedback Ring Oscillator,internet_archive_scholar,search_url_only,https://scholar.archive.org/search?q=%22Design%20of%20True%20Random%20Number%20Generator%20Based%20on%20Multi-Stage%20Feedback%20Ring%20Oscillator%22,Generated search URL; use browser/all-versions/manual review. Not treated as a PDF source.
10.1109/tcsii.2021.3111049,TCASII,2021,Design of True Random Number Generator Based on Multi-Stage Feedback Ring Oscillator,dblp,search_url_only,https://dblp.org/search?q=%22Design%20of%20True%20Random%20Number%20Generator%20Based%20on%20Multi-Stage%20Feedback%20Ring%20Oscillator%22,Generated search URL; use browser/all-versions/manual review. Not treated as a PDF source.
10.1109/tcsii.2021.3111049,TCASII,2021,Design of True Random Number Generator Based on Multi-Stage Feedback Ring Oscillator,semantic_scholar,search_url_only,https://www.semanticscholar.org/search?q=%22Design%20of%20True%20Random%20Number%20Generator%20Based%20on%20Multi-Stage%20Feedback%20Ring%20Oscillator%22&sort=relevance,Generated search URL; use browser/all-versions/manual review. Not treated as a PDF source.
10.1109/tcsii.2021.3121537,TCASII,2021,A Novel Ultra-Compact FPGA-Compatible TRNG Architecture Exploiting Latched Ring Oscillators,google_scholar,search_url_only,https://scholar.google.com/scholar?q=%22A%20Novel%20Ultra-Compact%20FPGA-Compatible%20TRNG%20Architecture%20Exploiting%20Latched%20Ring%20Oscillators%22,Generated search URL; use browser/all-versions/manual review. Not treated as a PDF source.
10.1109/tcsii.2021.3121537,TCASII,2021,A Novel Ultra-Compact FPGA-Compatible TRNG Architecture Exploiting Latched Ring Oscillators,researchgate,search_url_only,https://www.researchgate.net/search/publication?q=%22A%20Novel%20Ultra-Compact%20FPGA-Compatible%20TRNG%20Architecture%20Exploiting%20Latched%20Ring%20Oscillators%22,Generated search URL; use browser/all-versions/manual review. Not treated as a PDF source.
10.1109/tcsii.2021.3121537,TCASII,2021,A Novel Ultra-Compact FPGA-Compatible TRNG Architecture Exploiting Latched Ring Oscillators,internet_archive_scholar,search_url_only,https://scholar.archive.org/search?q=%22A%20Novel%20Ultra-Compact%20FPGA-Compatible%20TRNG%20Architecture%20Exploiting%20Latched%20Ring%20Oscillators%22,Generated search URL; use browser/all-versions/manual review. Not treated as a PDF source.
10.1109/tcsii.2021.3121537,TCASII,2021,A Novel Ultra-Compact FPGA-Compatible TRNG Architecture Exploiting Latched Ring Oscillators,dblp,search_url_only,https://dblp.org/search?q=%22A%20Novel%20Ultra-Compact%20FPGA-Compatible%20TRNG%20Architecture%20Exploiting%20Latched%20Ring%20Oscillators%22,Generated search URL; use browser/all-versions/manual review. Not treated as a PDF source.
10.1109/tcsii.2021.3121537,TCASII,2021,A Novel Ultra-Compact FPGA-Compatible TRNG Architecture Exploiting Latched Ring Oscillators,semantic_scholar,search_url_only,https://www.semanticscholar.org/search?q=%22A%20Novel%20Ultra-Compact%20FPGA-Compatible%20TRNG%20Architecture%20Exploiting%20Latched%20Ring%20Oscillators%22&sort=relevance,Generated search URL; use browser/all-versions/manual review. Not treated as a PDF source.
10.1109/tcsii.2021.3121537,TCASII,2021,A Novel Ultra-Compact FPGA-Compatible TRNG Architecture Exploiting Latched Ring Oscillators,institutional_repo,can_try_browser,https://iris.uniroma1.it/handle/11573/1654880,Sapienza IRIS record found; prior page indicated repository record but no public direct PDF.
10.1109/tcsii.2021.3121537,TCASII,2021,A Novel Ultra-Compact FPGA-Compatible TRNG Architecture Exploiting Latched Ring Oscillators,citation_page,can_try_browser,https://www.scinapse.io/papers/3207886650,Scinapse metadata page found.
10.1109/tcsii.2021.3121537,TCASII,2021,A Novel Ultra-Compact FPGA-Compatible TRNG Architecture Exploiting Latched Ring Oscillators,citation_page,can_try_browser,https://cir.nii.ac.jp/crid/1360019300395354752?lang=en,CiNii metadata page found.
10.1109/tcsii.2021.3121537,TCASII,2021,A Novel Ultra-Compact FPGA-Compatible TRNG Architecture Exploiting Latched Ring Oscillators,dblp,can_try_browser,https://dblp.org/rec/journals/tcasII/SalaBS22.html,DBLP record; useful for all-versions follow-up.
10.1109/tcsii.2024.3421323,TCASII,2024,A High-Speed and Low-Power DSP-Based TRNG for FPGA Implementations,google_scholar,search_url_only,https://scholar.google.com/scholar?q=%22A%20High-Speed%20and%20Low-Power%20DSP-Based%20TRNG%20for%20FPGA%20Implementations%22,Generated search URL; use browser/all-versions/manual review. Not treated as a PDF source.
10.1109/tcsii.2024.3421323,TCASII,2024,A High-Speed and Low-Power DSP-Based TRNG for FPGA Implementations,researchgate,search_url_only,https://www.researchgate.net/search/publication?q=%22A%20High-Speed%20and%20Low-Power%20DSP-Based%20TRNG%20for%20FPGA%20Implementations%22,Generated search URL; use browser/all-versions/manual review. Not treated as a PDF source.
10.1109/tcsii.2024.3421323,TCASII,2024,A High-Speed and Low-Power DSP-Based TRNG for FPGA Implementations,internet_archive_scholar,search_url_only,https://scholar.archive.org/search?q=%22A%20High-Speed%20and%20Low-Power%20DSP-Based%20TRNG%20for%20FPGA%20Implementations%22,Generated search URL; use browser/all-versions/manual review. Not treated as a PDF source.
10.1109/tcsii.2024.3421323,TCASII,2024,A High-Speed and Low-Power DSP-Based TRNG for FPGA Implementations,dblp,search_url_only,https://dblp.org/search?q=%22A%20High-Speed%20and%20Low-Power%20DSP-Based%20TRNG%20for%20FPGA%20Implementations%22,Generated search URL; use browser/all-versions/manual review. Not treated as a PDF source.
10.1109/tcsii.2024.3421323,TCASII,2024,A High-Speed and Low-Power DSP-Based TRNG for FPGA Implementations,semantic_scholar,search_url_only,https://www.semanticscholar.org/search?q=%22A%20High-Speed%20and%20Low-Power%20DSP-Based%20TRNG%20for%20FPGA%20Implementations%22&sort=relevance,Generated search URL; use browser/all-versions/manual review. Not treated as a PDF source.
10.1109/tcsii.2024.3421323,TCASII,2024,A High-Speed and Low-Power DSP-Based TRNG for FPGA Implementations,researchgate,public_fulltext_but_copyright_unclear,https://www.researchgate.net/publication/381906920_A_High-Speed_and_Low-Power_DSP-Based_TRNG_for_FPGA_Implementations,ResearchGate page says PDF/full-text available; do not auto-download by default.
10.1109/tcsii.2024.3421323,TCASII,2024,A High-Speed and Low-Power DSP-Based TRNG for FPGA Implementations,bibbase,can_try_browser,https://bibbase.org/network/publication/frustaci-spagnolo-corsonello--ahighspeedandlowpowerdspbasedtrngforfpgaimplementations-2024,Bibbase metadata page found; lists fulltext/IEEE links.
10.1109/tcsii.2024.3421323,TCASII,2024,A High-Speed and Low-Power DSP-Based TRNG for FPGA Implementations,blocked_ieee_fulltext,blocked_by_ieee_cloudfront,https://ieeexplore.ieee.org/iel8/8920/10767315/10578016.pdf,Direct IEEE fulltext URL returned CloudFront 418 in script/curl; browser may behave differently.
10.1109/tcsii.2026.3659467,TCASII,2026,A Phase-Walk-Based True Random Number Generator Exploiting Dual-Ring Phase Jitter Comparison,google_scholar,search_url_only,https://scholar.google.com/scholar?q=%22A%20Phase-Walk-Based%20True%20Random%20Number%20Generator%20Exploiting%20Dual-Ring%20Phase%20Jitter%20Comparison%22,Generated search URL; use browser/all-versions/manual review. Not treated as a PDF source.
10.1109/tcsii.2026.3659467,TCASII,2026,A Phase-Walk-Based True Random Number Generator Exploiting Dual-Ring Phase Jitter Comparison,researchgate,search_url_only,https://www.researchgate.net/search/publication?q=%22A%20Phase-Walk-Based%20True%20Random%20Number%20Generator%20Exploiting%20Dual-Ring%20Phase%20Jitter%20Comparison%22,Generated search URL; use browser/all-versions/manual review. Not treated as a PDF source.
10.1109/tcsii.2026.3659467,TCASII,2026,A Phase-Walk-Based True Random Number Generator Exploiting Dual-Ring Phase Jitter Comparison,internet_archive_scholar,search_url_only,https://scholar.archive.org/search?q=%22A%20Phase-Walk-Based%20True%20Random%20Number%20Generator%20Exploiting%20Dual-Ring%20Phase%20Jitter%20Comparison%22,Generated search URL; use browser/all-versions/manual review. Not treated as a PDF source.
10.1109/tcsii.2026.3659467,TCASII,2026,A Phase-Walk-Based True Random Number Generator Exploiting Dual-Ring Phase Jitter Comparison,dblp,search_url_only,https://dblp.org/search?q=%22A%20Phase-Walk-Based%20True%20Random%20Number%20Generator%20Exploiting%20Dual-Ring%20Phase%20Jitter%20Comparison%22,Generated search URL; use browser/all-versions/manual review. Not treated as a PDF source.
10.1109/tcsii.2026.3659467,TCASII,2026,A Phase-Walk-Based True Random Number Generator Exploiting Dual-Ring Phase Jitter Comparison,semantic_scholar,search_url_only,https://www.semanticscholar.org/search?q=%22A%20Phase-Walk-Based%20True%20Random%20Number%20Generator%20Exploiting%20Dual-Ring%20Phase%20Jitter%20Comparison%22&sort=relevance,Generated search URL; use browser/all-versions/manual review. Not treated as a PDF source.
10.1109/tcsii.2026.3659467,TCASII,2026,A Phase-Walk-Based True Random Number Generator Exploiting Dual-Ring Phase Jitter Comparison,researchgate,manual_request_only,https://www.researchgate.net/publication/400296351_A_Phase-Walk_Based_True_Random_Number_Generator_Exploiting_Dual-Ring_Phase_Jitter_Comparison,ResearchGate page found; no direct public PDF confirmed.
10.1109/tcsii.2026.3659467,TCASII,2026,A Phase-Walk-Based True Random Number Generator Exploiting Dual-Ring Phase Jitter Comparison,citation_page,can_try_browser,https://eurekamag.com/research/103/409/103409512.php,Eurekamag metadata page found.
10.1109/tvlsi.2018.2823274,TVLSI,2018,CSRO-Based Reconfigurable True Random Number Generator Using RRAM,google_scholar,search_url_only,https://scholar.google.com/scholar?q=%22CSRO-Based%20Reconfigurable%20True%20Random%20Number%20Generator%20Using%20RRAM%22,Generated search URL; use browser/all-versions/manual review. Not treated as a PDF source.
10.1109/tvlsi.2018.2823274,TVLSI,2018,CSRO-Based Reconfigurable True Random Number Generator Using RRAM,researchgate,search_url_only,https://www.researchgate.net/search/publication?q=%22CSRO-Based%20Reconfigurable%20True%20Random%20Number%20Generator%20Using%20RRAM%22,Generated search URL; use browser/all-versions/manual review. Not treated as a PDF source.
10.1109/tvlsi.2018.2823274,TVLSI,2018,CSRO-Based Reconfigurable True Random Number Generator Using RRAM,internet_archive_scholar,search_url_only,https://scholar.archive.org/search?q=%22CSRO-Based%20Reconfigurable%20True%20Random%20Number%20Generator%20Using%20RRAM%22,Generated search URL; use browser/all-versions/manual review. Not treated as a PDF source.
10.1109/tvlsi.2018.2823274,TVLSI,2018,CSRO-Based Reconfigurable True Random Number Generator Using RRAM,dblp,search_url_only,https://dblp.org/search?q=%22CSRO-Based%20Reconfigurable%20True%20Random%20Number%20Generator%20Using%20RRAM%22,Generated search URL; use browser/all-versions/manual review. Not treated as a PDF source.
10.1109/tvlsi.2018.2823274,TVLSI,2018,CSRO-Based Reconfigurable True Random Number Generator Using RRAM,semantic_scholar,search_url_only,https://www.semanticscholar.org/search?q=%22CSRO-Based%20Reconfigurable%20True%20Random%20Number%20Generator%20Using%20RRAM%22&sort=relevance,Generated search URL; use browser/all-versions/manual review. Not treated as a PDF source.
10.1109/tvlsi.2020.3011648,TVLSI,2020,Unified Analog PUF and TRNG Based on Current-Steering DAC and VCO,google_scholar,search_url_only,https://scholar.google.com/scholar?q=%22Unified%20Analog%20PUF%20and%20TRNG%20Based%20on%20Current-Steering%20DAC%20and%20VCO%22,Generated search URL; use browser/all-versions/manual review. Not treated as a PDF source.
10.1109/tvlsi.2020.3011648,TVLSI,2020,Unified Analog PUF and TRNG Based on Current-Steering DAC and VCO,researchgate,search_url_only,https://www.researchgate.net/search/publication?q=%22Unified%20Analog%20PUF%20and%20TRNG%20Based%20on%20Current-Steering%20DAC%20and%20VCO%22,Generated search URL; use browser/all-versions/manual review. Not treated as a PDF source.
10.1109/tvlsi.2020.3011648,TVLSI,2020,Unified Analog PUF and TRNG Based on Current-Steering DAC and VCO,internet_archive_scholar,search_url_only,https://scholar.archive.org/search?q=%22Unified%20Analog%20PUF%20and%20TRNG%20Based%20on%20Current-Steering%20DAC%20and%20VCO%22,Generated search URL; use browser/all-versions/manual review. Not treated as a PDF source.
10.1109/tvlsi.2020.3011648,TVLSI,2020,Unified Analog PUF and TRNG Based on Current-Steering DAC and VCO,dblp,search_url_only,https://dblp.org/search?q=%22Unified%20Analog%20PUF%20and%20TRNG%20Based%20on%20Current-Steering%20DAC%20and%20VCO%22,Generated search URL; use browser/all-versions/manual review. Not treated as a PDF source.
10.1109/tvlsi.2020.3011648,TVLSI,2020,Unified Analog PUF and TRNG Based on Current-Steering DAC and VCO,semantic_scholar,search_url_only,https://www.semanticscholar.org/search?q=%22Unified%20Analog%20PUF%20and%20TRNG%20Based%20on%20Current-Steering%20DAC%20and%20VCO%22&sort=relevance,Generated search URL; use browser/all-versions/manual review. Not treated as a PDF source.
10.1109/tvlsi.2023.3328602,TVLSI,2023,A 0.116 pJ/bit Latch-Based True Random Number Generator Featuring Static Inverter Selection and Noise Enhancement,google_scholar,search_url_only,https://scholar.google.com/scholar?q=%22A%200.116%20pJ%2Fbit%20Latch-Based%20True%20Random%20Number%20Generator%20Featuring%20Static%20Inverter%20Selection%20and%20Noise%20Enhancement%22,Generated search URL; use browser/all-versions/manual review. Not treated as a PDF source.
10.1109/tvlsi.2023.3328602,TVLSI,2023,A 0.116 pJ/bit Latch-Based True Random Number Generator Featuring Static Inverter Selection and Noise Enhancement,researchgate,search_url_only,https://www.researchgate.net/search/publication?q=%22A%200.116%20pJ%2Fbit%20Latch-Based%20True%20Random%20Number%20Generator%20Featuring%20Static%20Inverter%20Selection%20and%20Noise%20Enhancement%22,Generated search URL; use browser/all-versions/manual review. Not treated as a PDF source.
10.1109/tvlsi.2023.3328602,TVLSI,2023,A 0.116 pJ/bit Latch-Based True Random Number Generator Featuring Static Inverter Selection and Noise Enhancement,internet_archive_scholar,search_url_only,https://scholar.archive.org/search?q=%22A%200.116%20pJ%2Fbit%20Latch-Based%20True%20Random%20Number%20Generator%20Featuring%20Static%20Inverter%20Selection%20and%20Noise%20Enhancement%22,Generated search URL; use browser/all-versions/manual review. Not treated as a PDF source.
10.1109/tvlsi.2023.3328602,TVLSI,2023,A 0.116 pJ/bit Latch-Based True Random Number Generator Featuring Static Inverter Selection and Noise Enhancement,dblp,search_url_only,https://dblp.org/search?q=%22A%200.116%20pJ%2Fbit%20Latch-Based%20True%20Random%20Number%20Generator%20Featuring%20Static%20Inverter%20Selection%20and%20Noise%20Enhancement%22,Generated search URL; use browser/all-versions/manual review. Not treated as a PDF source.
10.1109/tvlsi.2023.3328602,TVLSI,2023,A 0.116 pJ/bit Latch-Based True Random Number Generator Featuring Static Inverter Selection and Noise Enhancement,semantic_scholar,search_url_only,https://www.semanticscholar.org/search?q=%22A%200.116%20pJ%2Fbit%20Latch-Based%20True%20Random%20Number%20Generator%20Featuring%20Static%20Inverter%20Selection%20and%20Noise%20Enhancement%22&sort=relevance,Generated search URL; use browser/all-versions/manual review. Not treated as a PDF source.
10.1109/tvlsi.2024.3448503,TVLSI,2024,Unveiling the True Power of the Latched Ring Oscillator for a Unified PUF and TRNG Architecture,google_scholar,search_url_only,https://scholar.google.com/scholar?q=%22Unveiling%20the%20True%20Power%20of%20the%20Latched%20Ring%20Oscillator%20for%20a%20Unified%20PUF%20and%20TRNG%20Architecture%22,Generated search URL; use browser/all-versions/manual review. Not treated as a PDF source.
10.1109/tvlsi.2024.3448503,TVLSI,2024,Unveiling the True Power of the Latched Ring Oscillator for a Unified PUF and TRNG Architecture,researchgate,search_url_only,https://www.researchgate.net/search/publication?q=%22Unveiling%20the%20True%20Power%20of%20the%20Latched%20Ring%20Oscillator%20for%20a%20Unified%20PUF%20and%20TRNG%20Architecture%22,Generated search URL; use browser/all-versions/manual review. Not treated as a PDF source.
10.1109/tvlsi.2024.3448503,TVLSI,2024,Unveiling the True Power of the Latched Ring Oscillator for a Unified PUF and TRNG Architecture,internet_archive_scholar,search_url_only,https://scholar.archive.org/search?q=%22Unveiling%20the%20True%20Power%20of%20the%20Latched%20Ring%20Oscillator%20for%20a%20Unified%20PUF%20and%20TRNG%20Architecture%22,Generated search URL; use browser/all-versions/manual review. Not treated as a PDF source.
10.1109/tvlsi.2024.3448503,TVLSI,2024,Unveiling the True Power of the Latched Ring Oscillator for a Unified PUF and TRNG Architecture,dblp,search_url_only,https://dblp.org/search?q=%22Unveiling%20the%20True%20Power%20of%20the%20Latched%20Ring%20Oscillator%20for%20a%20Unified%20PUF%20and%20TRNG%20Architecture%22,Generated search URL; use browser/all-versions/manual review. Not treated as a PDF source.
10.1109/tvlsi.2024.3448503,TVLSI,2024,Unveiling the True Power of the Latched Ring Oscillator for a Unified PUF and TRNG Architecture,semantic_scholar,search_url_only,https://www.semanticscholar.org/search?q=%22Unveiling%20the%20True%20Power%20of%20the%20Latched%20Ring%20Oscillator%20for%20a%20Unified%20PUF%20and%20TRNG%20Architecture%22&sort=relevance,Generated search URL; use browser/all-versions/manual review. Not treated as a PDF source.
10.1109/tvlsi.2025.3608292,TVLSI,2025,IRCA-TRNG: A Lightweight Dual-Ring Chaotic TRNG With Perturbation Refresh for High Throughput,google_scholar,search_url_only,https://scholar.google.com/scholar?q=%22IRCA-TRNG%3A%20A%20Lightweight%20Dual-Ring%20Chaotic%20TRNG%20With%20Perturbation%20Refresh%20for%20High%20Throughput%22,Generated search URL; use browser/all-versions/manual review. Not treated as a PDF source.
10.1109/tvlsi.2025.3608292,TVLSI,2025,IRCA-TRNG: A Lightweight Dual-Ring Chaotic TRNG With Perturbation Refresh for High Throughput,researchgate,search_url_only,https://www.researchgate.net/search/publication?q=%22IRCA-TRNG%3A%20A%20Lightweight%20Dual-Ring%20Chaotic%20TRNG%20With%20Perturbation%20Refresh%20for%20High%20Throughput%22,Generated search URL; use browser/all-versions/manual review. Not treated as a PDF source.
10.1109/tvlsi.2025.3608292,TVLSI,2025,IRCA-TRNG: A Lightweight Dual-Ring Chaotic TRNG With Perturbation Refresh for High Throughput,internet_archive_scholar,search_url_only,https://scholar.archive.org/search?q=%22IRCA-TRNG%3A%20A%20Lightweight%20Dual-Ring%20Chaotic%20TRNG%20With%20Perturbation%20Refresh%20for%20High%20Throughput%22,Generated search URL; use browser/all-versions/manual review. Not treated as a PDF source.
10.1109/tvlsi.2025.3608292,TVLSI,2025,IRCA-TRNG: A Lightweight Dual-Ring Chaotic TRNG With Perturbation Refresh for High Throughput,dblp,search_url_only,https://dblp.org/search?q=%22IRCA-TRNG%3A%20A%20Lightweight%20Dual-Ring%20Chaotic%20TRNG%20With%20Perturbation%20Refresh%20for%20High%20Throughput%22,Generated search URL; use browser/all-versions/manual review. Not treated as a PDF source.
10.1109/tvlsi.2025.3608292,TVLSI,2025,IRCA-TRNG: A Lightweight Dual-Ring Chaotic TRNG With Perturbation Refresh for High Throughput,semantic_scholar,search_url_only,https://www.semanticscholar.org/search?q=%22IRCA-TRNG%3A%20A%20Lightweight%20Dual-Ring%20Chaotic%20TRNG%20With%20Perturbation%20Refresh%20for%20High%20Throughput%22&sort=relevance,Generated search URL; use browser/all-versions/manual review. Not treated as a PDF source.
10.1109/tc.2006.164,TC,2006,New Methods for Digital Generation and Postprocessing of Random Data,google_scholar,search_url_only,https://scholar.google.com/scholar?q=%22New%20Methods%20for%20Digital%20Generation%20and%20Postprocessing%20of%20Random%20Data%22,Generated search URL; use browser/all-versions/manual review. Not treated as a PDF source.
10.1109/tc.2006.164,TC,2006,New Methods for Digital Generation and Postprocessing of Random Data,researchgate,search_url_only,https://www.researchgate.net/search/publication?q=%22New%20Methods%20for%20Digital%20Generation%20and%20Postprocessing%20of%20Random%20Data%22,Generated search URL; use browser/all-versions/manual review. Not treated as a PDF source.
10.1109/tc.2006.164,TC,2006,New Methods for Digital Generation and Postprocessing of Random Data,internet_archive_scholar,search_url_only,https://scholar.archive.org/search?q=%22New%20Methods%20for%20Digital%20Generation%20and%20Postprocessing%20of%20Random%20Data%22,Generated search URL; use browser/all-versions/manual review. Not treated as a PDF source.
10.1109/tc.2006.164,TC,2006,New Methods for Digital Generation and Postprocessing of Random Data,dblp,search_url_only,https://dblp.org/search?q=%22New%20Methods%20for%20Digital%20Generation%20and%20Postprocessing%20of%20Random%20Data%22,Generated search URL; use browser/all-versions/manual review. Not treated as a PDF source.
10.1109/tc.2006.164,TC,2006,New Methods for Digital Generation and Postprocessing of Random Data,semantic_scholar,search_url_only,https://www.semanticscholar.org/search?q=%22New%20Methods%20for%20Digital%20Generation%20and%20Postprocessing%20of%20Random%20Data%22&sort=relevance,Generated search URL; use browser/all-versions/manual review. Not treated as a PDF source.
10.1109/tc.2007.250627,TC,2006,A Provably Secure True Random Number Generator with Built-In Tolerance to Active Attacks,google_scholar,search_url_only,https://scholar.google.com/scholar?q=%22A%20Provably%20Secure%20True%20Random%20Number%20Generator%20with%20Built-In%20Tolerance%20to%20Active%20Attacks%22,Generated search URL; use browser/all-versions/manual review. Not treated as a PDF source.
10.1109/tc.2007.250627,TC,2006,A Provably Secure True Random Number Generator with Built-In Tolerance to Active Attacks,researchgate,search_url_only,https://www.researchgate.net/search/publication?q=%22A%20Provably%20Secure%20True%20Random%20Number%20Generator%20with%20Built-In%20Tolerance%20to%20Active%20Attacks%22,Generated search URL; use browser/all-versions/manual review. Not treated as a PDF source.
10.1109/tc.2007.250627,TC,2006,A Provably Secure True Random Number Generator with Built-In Tolerance to Active Attacks,internet_archive_scholar,search_url_only,https://scholar.archive.org/search?q=%22A%20Provably%20Secure%20True%20Random%20Number%20Generator%20with%20Built-In%20Tolerance%20to%20Active%20Attacks%22,Generated search URL; use browser/all-versions/manual review. Not treated as a PDF source.
10.1109/tc.2007.250627,TC,2006,A Provably Secure True Random Number Generator with Built-In Tolerance to Active Attacks,dblp,search_url_only,https://dblp.org/search?q=%22A%20Provably%20Secure%20True%20Random%20Number%20Generator%20with%20Built-In%20Tolerance%20to%20Active%20Attacks%22,Generated search URL; use browser/all-versions/manual review. Not treated as a PDF source.
10.1109/tc.2007.250627,TC,2006,A Provably Secure True Random Number Generator with Built-In Tolerance to Active Attacks,semantic_scholar,search_url_only,https://www.semanticscholar.org/search?q=%22A%20Provably%20Secure%20True%20Random%20Number%20Generator%20with%20Built-In%20Tolerance%20to%20Active%20Attacks%22&sort=relevance,Generated search URL; use browser/all-versions/manual review. Not treated as a PDF source.
10.1109/tc.2022.3218986,TC,2022,Birds of the Same Feather Flock Together: A Dual-Mode Circuit Candidate for Strong PUF-TRNG Functionalities,google_scholar,search_url_only,https://scholar.google.com/scholar?q=%22Birds%20of%20the%20Same%20Feather%20Flock%20Together%3A%20A%20Dual-Mode%20Circuit%20Candidate%20for%20Strong%20PUF-TRNG%20Functionalities%22,Generated search URL; use browser/all-versions/manual review. Not treated as a PDF source.
10.1109/tc.2022.3218986,TC,2022,Birds of the Same Feather Flock Together: A Dual-Mode Circuit Candidate for Strong PUF-TRNG Functionalities,researchgate,search_url_only,https://www.researchgate.net/search/publication?q=%22Birds%20of%20the%20Same%20Feather%20Flock%20Together%3A%20A%20Dual-Mode%20Circuit%20Candidate%20for%20Strong%20PUF-TRNG%20Functionalities%22,Generated search URL; use browser/all-versions/manual review. Not treated as a PDF source.
10.1109/tc.2022.3218986,TC,2022,Birds of the Same Feather Flock Together: A Dual-Mode Circuit Candidate for Strong PUF-TRNG Functionalities,internet_archive_scholar,search_url_only,https://scholar.archive.org/search?q=%22Birds%20of%20the%20Same%20Feather%20Flock%20Together%3A%20A%20Dual-Mode%20Circuit%20Candidate%20for%20Strong%20PUF-TRNG%20Functionalities%22,Generated search URL; use browser/all-versions/manual review. Not treated as a PDF source.
10.1109/tc.2022.3218986,TC,2022,Birds of the Same Feather Flock Together: A Dual-Mode Circuit Candidate for Strong PUF-TRNG Functionalities,dblp,search_url_only,https://dblp.org/search?q=%22Birds%20of%20the%20Same%20Feather%20Flock%20Together%3A%20A%20Dual-Mode%20Circuit%20Candidate%20for%20Strong%20PUF-TRNG%20Functionalities%22,Generated search URL; use browser/all-versions/manual review. Not treated as a PDF source.
10.1109/tc.2022.3218986,TC,2022,Birds of the Same Feather Flock Together: A Dual-Mode Circuit Candidate for Strong PUF-TRNG Functionalities,semantic_scholar,search_url_only,https://www.semanticscholar.org/search?q=%22Birds%20of%20the%20Same%20Feather%20Flock%20Together%3A%20A%20Dual-Mode%20Circuit%20Candidate%20for%20Strong%20PUF-TRNG%20Functionalities%22&sort=relevance,Generated search URL; use browser/all-versions/manual review. Not treated as a PDF source.
10.1109/tcad.2021.3096464,TCAD,2021,A Lightweight Full Entropy TRNG With On-Chip Entropy Assurance,google_scholar,search_url_only,https://scholar.google.com/scholar?q=%22A%20Lightweight%20Full%20Entropy%20TRNG%20With%20On-Chip%20Entropy%20Assurance%22,Generated search URL; use browser/all-versions/manual review. Not treated as a PDF source.
10.1109/tcad.2021.3096464,TCAD,2021,A Lightweight Full Entropy TRNG With On-Chip Entropy Assurance,researchgate,search_url_only,https://www.researchgate.net/search/publication?q=%22A%20Lightweight%20Full%20Entropy%20TRNG%20With%20On-Chip%20Entropy%20Assurance%22,Generated search URL; use browser/all-versions/manual review. Not treated as a PDF source.
10.1109/tcad.2021.3096464,TCAD,2021,A Lightweight Full Entropy TRNG With On-Chip Entropy Assurance,internet_archive_scholar,search_url_only,https://scholar.archive.org/search?q=%22A%20Lightweight%20Full%20Entropy%20TRNG%20With%20On-Chip%20Entropy%20Assurance%22,Generated search URL; use browser/all-versions/manual review. Not treated as a PDF source.
10.1109/tcad.2021.3096464,TCAD,2021,A Lightweight Full Entropy TRNG With On-Chip Entropy Assurance,dblp,search_url_only,https://dblp.org/search?q=%22A%20Lightweight%20Full%20Entropy%20TRNG%20With%20On-Chip%20Entropy%20Assurance%22,Generated search URL; use browser/all-versions/manual review. Not treated as a PDF source.
10.1109/tcad.2021.3096464,TCAD,2021,A Lightweight Full Entropy TRNG With On-Chip Entropy Assurance,semantic_scholar,search_url_only,https://www.semanticscholar.org/search?q=%22A%20Lightweight%20Full%20Entropy%20TRNG%20With%20On-Chip%20Entropy%20Assurance%22&sort=relevance,Generated search URL; use browser/all-versions/manual review. Not treated as a PDF source.
10.1109/tcad.2021.3096464,TCAD,2021,A Lightweight Full Entropy TRNG With On-Chip Entropy Assurance,researchgate,manual_request_only,https://www.researchgate.net/publication/353204157_A_Lightweight_Full_Entropy_TRNG_with_On-chip_Entropy_Assurance,ResearchGate page says Request full-text PDF.
10.1109/tcad.2023.3237957,TCAD,2023,A Lightweight True Random Number Generator for Root of Trust Applications,google_scholar,search_url_only,https://scholar.google.com/scholar?q=%22A%20Lightweight%20True%20Random%20Number%20Generator%20for%20Root%20of%20Trust%20Applications%22,Generated search URL; use browser/all-versions/manual review. Not treated as a PDF source.
10.1109/tcad.2023.3237957,TCAD,2023,A Lightweight True Random Number Generator for Root of Trust Applications,researchgate,search_url_only,https://www.researchgate.net/search/publication?q=%22A%20Lightweight%20True%20Random%20Number%20Generator%20for%20Root%20of%20Trust%20Applications%22,Generated search URL; use browser/all-versions/manual review. Not treated as a PDF source.
10.1109/tcad.2023.3237957,TCAD,2023,A Lightweight True Random Number Generator for Root of Trust Applications,internet_archive_scholar,search_url_only,https://scholar.archive.org/search?q=%22A%20Lightweight%20True%20Random%20Number%20Generator%20for%20Root%20of%20Trust%20Applications%22,Generated search URL; use browser/all-versions/manual review. Not treated as a PDF source.
10.1109/tcad.2023.3237957,TCAD,2023,A Lightweight True Random Number Generator for Root of Trust Applications,dblp,search_url_only,https://dblp.org/search?q=%22A%20Lightweight%20True%20Random%20Number%20Generator%20for%20Root%20of%20Trust%20Applications%22,Generated search URL; use browser/all-versions/manual review. Not treated as a PDF source.
10.1109/tcad.2023.3237957,TCAD,2023,A Lightweight True Random Number Generator for Root of Trust Applications,semantic_scholar,search_url_only,https://www.semanticscholar.org/search?q=%22A%20Lightweight%20True%20Random%20Number%20Generator%20for%20Root%20of%20Trust%20Applications%22&sort=relevance,Generated search URL; use browser/all-versions/manual review. Not treated as a PDF source.
10.1109/tcad.2020.3047976,TCAD,2020,"An Overview of Hardware Security and Trust: Threats, Countermeasures, and Design Tools",google_scholar,search_url_only,https://scholar.google.com/scholar?q=%22An%20Overview%20of%20Hardware%20Security%20and%20Trust%3A%20Threats%2C%20Countermeasures%2C%20and%20Design%20Tools%22,Generated search URL; use browser/all-versions/manual review. Not treated as a PDF source.
10.1109/tcad.2020.3047976,TCAD,2020,"An Overview of Hardware Security and Trust: Threats, Countermeasures, and Design Tools",researchgate,search_url_only,https://www.researchgate.net/search/publication?q=%22An%20Overview%20of%20Hardware%20Security%20and%20Trust%3A%20Threats%2C%20Countermeasures%2C%20and%20Design%20Tools%22,Generated search URL; use browser/all-versions/manual review. Not treated as a PDF source.
10.1109/tcad.2020.3047976,TCAD,2020,"An Overview of Hardware Security and Trust: Threats, Countermeasures, and Design Tools",internet_archive_scholar,search_url_only,https://scholar.archive.org/search?q=%22An%20Overview%20of%20Hardware%20Security%20and%20Trust%3A%20Threats%2C%20Countermeasures%2C%20and%20Design%20Tools%22,Generated search URL; use browser/all-versions/manual review. Not treated as a PDF source.
10.1109/tcad.2020.3047976,TCAD,2020,"An Overview of Hardware Security and Trust: Threats, Countermeasures, and Design Tools",dblp,search_url_only,https://dblp.org/search?q=%22An%20Overview%20of%20Hardware%20Security%20and%20Trust%3A%20Threats%2C%20Countermeasures%2C%20and%20Design%20Tools%22,Generated search URL; use browser/all-versions/manual review. Not treated as a PDF source.
10.1109/tcad.2020.3047976,TCAD,2020,"An Overview of Hardware Security and Trust: Threats, Countermeasures, and Design Tools",semantic_scholar,search_url_only,https://www.semanticscholar.org/search?q=%22An%20Overview%20of%20Hardware%20Security%20and%20Trust%3A%20Threats%2C%20Countermeasures%2C%20and%20Design%20Tools%22&sort=relevance,Generated search URL; use browser/all-versions/manual review. Not treated as a PDF source.
10.1109/tcad.2020.3047976,TCAD,2020,"An Overview of Hardware Security and Trust: Threats, Countermeasures, and Design Tools",institutional_repo,blocked_by_site_waf,https://dr.ntu.edu.sg/bitstream/10356/147019/2/TCAD_Hardware_Security_Survey.pdf,DR-NTU direct PDF candidate returned WAF/405 from this environment.
10.1109/tcad.2020.3047976,TCAD,2020,"An Overview of Hardware Security and Trust: Threats, Countermeasures, and Design Tools",institutional_repo,can_try_browser,https://hdl.handle.net/10356/147019,DR-NTU landing/handle page; browser/manual access may work.
10.1007/3-540-48059-5_18,CHES,1999,A Design of Reliable True Random Number Generator for Cryptographic Applications,google_scholar,search_url_only,https://scholar.google.com/scholar?q=%22A%20Design%20of%20Reliable%20True%20Random%20Number%20Generator%20for%20Cryptographic%20Applications%22,Generated search URL; use browser/all-versions/manual review. Not treated as a PDF source.
10.1007/3-540-48059-5_18,CHES,1999,A Design of Reliable True Random Number Generator for Cryptographic Applications,researchgate,search_url_only,https://www.researchgate.net/search/publication?q=%22A%20Design%20of%20Reliable%20True%20Random%20Number%20Generator%20for%20Cryptographic%20Applications%22,Generated search URL; use browser/all-versions/manual review. Not treated as a PDF source.
10.1007/3-540-48059-5_18,CHES,1999,A Design of Reliable True Random Number Generator for Cryptographic Applications,internet_archive_scholar,search_url_only,https://scholar.archive.org/search?q=%22A%20Design%20of%20Reliable%20True%20Random%20Number%20Generator%20for%20Cryptographic%20Applications%22,Generated search URL; use browser/all-versions/manual review. Not treated as a PDF source.
10.1007/3-540-48059-5_18,CHES,1999,A Design of Reliable True Random Number Generator for Cryptographic Applications,dblp,search_url_only,https://dblp.org/search?q=%22A%20Design%20of%20Reliable%20True%20Random%20Number%20Generator%20for%20Cryptographic%20Applications%22,Generated search URL; use browser/all-versions/manual review. Not treated as a PDF source.
10.1007/3-540-48059-5_18,CHES,1999,A Design of Reliable True Random Number Generator for Cryptographic Applications,semantic_scholar,search_url_only,https://www.semanticscholar.org/search?q=%22A%20Design%20of%20Reliable%20True%20Random%20Number%20Generator%20for%20Cryptographic%20Applications%22&sort=relevance,Generated search URL; use browser/all-versions/manual review. Not treated as a PDF source.
10.1007/3-540-36400-5_30,CHES,2002,True Random Number Generator Embedded in Reconfigurable Hardware,google_scholar,search_url_only,https://scholar.google.com/scholar?q=%22True%20Random%20Number%20Generator%20Embedded%20in%20Reconfigurable%20Hardware%22,Generated search URL; use browser/all-versions/manual review. Not treated as a PDF source.
10.1007/3-540-36400-5_30,CHES,2002,True Random Number Generator Embedded in Reconfigurable Hardware,researchgate,search_url_only,https://www.researchgate.net/search/publication?q=%22True%20Random%20Number%20Generator%20Embedded%20in%20Reconfigurable%20Hardware%22,Generated search URL; use browser/all-versions/manual review. Not treated as a PDF source.
10.1007/3-540-36400-5_30,CHES,2002,True Random Number Generator Embedded in Reconfigurable Hardware,internet_archive_scholar,search_url_only,https://scholar.archive.org/search?q=%22True%20Random%20Number%20Generator%20Embedded%20in%20Reconfigurable%20Hardware%22,Generated search URL; use browser/all-versions/manual review. Not treated as a PDF source.
10.1007/3-540-36400-5_30,CHES,2002,True Random Number Generator Embedded in Reconfigurable Hardware,dblp,search_url_only,https://dblp.org/search?q=%22True%20Random%20Number%20Generator%20Embedded%20in%20Reconfigurable%20Hardware%22,Generated search URL; use browser/all-versions/manual review. Not treated as a PDF source.
10.1007/3-540-36400-5_30,CHES,2002,True Random Number Generator Embedded in Reconfigurable Hardware,semantic_scholar,search_url_only,https://www.semanticscholar.org/search?q=%22True%20Random%20Number%20Generator%20Embedded%20in%20Reconfigurable%20Hardware%22&sort=relevance,Generated search URL; use browser/all-versions/manual review. Not treated as a PDF source.
10.1007/3-540-36400-5_30,CHES,2002,True Random Number Generator Embedded in Reconfigurable Hardware,researchgate,public_fulltext_but_copyright_unclear,https://www.researchgate.net/publication/221291959_True_Random_Number_Generator_Embedded_in_Reconfigurable_Hardware,ResearchGate page says PDF/full-text available; Springer chapter copyright unclear.
10.1007/3-540-36400-5_30,CHES,2002,True Random Number Generator Embedded in Reconfigurable Hardware,iacr_cryptodb,can_try_browser,https://www.iacr.org/cryptodb/data/paper.php?pubkey=688,IACR CryptoDB record; no direct PDF confirmed.
10.1007/3-540-36400-5_30,CHES,2002,True Random Number Generator Embedded in Reconfigurable Hardware,repository_pdf,manual_review_required,https://citeseerx.ist.psu.edu/document?doi=e21501f2ea8164f769006d9b70c30ab10b5149b3&repid=rep1&type=pdf,CiteSeer PDF-like result found; manual copyright/source review required before downloading.
10.1007/978-3-540-45238-6_13,CHES,2003,Design and Implementation of a True Random Number Generator Based on Digital Circuit Artifacts,google_scholar,search_url_only,https://scholar.google.com/scholar?q=%22Design%20and%20Implementation%20of%20a%20True%20Random%20Number%20Generator%20Based%20on%20Digital%20Circuit%20Artifacts%22,Generated search URL; use browser/all-versions/manual review. Not treated as a PDF source.
10.1007/978-3-540-45238-6_13,CHES,2003,Design and Implementation of a True Random Number Generator Based on Digital Circuit Artifacts,researchgate,search_url_only,https://www.researchgate.net/search/publication?q=%22Design%20and%20Implementation%20of%20a%20True%20Random%20Number%20Generator%20Based%20on%20Digital%20Circuit%20Artifacts%22,Generated search URL; use browser/all-versions/manual review. Not treated as a PDF source.
10.1007/978-3-540-45238-6_13,CHES,2003,Design and Implementation of a True Random Number Generator Based on Digital Circuit Artifacts,internet_archive_scholar,search_url_only,https://scholar.archive.org/search?q=%22Design%20and%20Implementation%20of%20a%20True%20Random%20Number%20Generator%20Based%20on%20Digital%20Circuit%20Artifacts%22,Generated search URL; use browser/all-versions/manual review. Not treated as a PDF source.
10.1007/978-3-540-45238-6_13,CHES,2003,Design and Implementation of a True Random Number Generator Based on Digital Circuit Artifacts,dblp,search_url_only,https://dblp.org/search?q=%22Design%20and%20Implementation%20of%20a%20True%20Random%20Number%20Generator%20Based%20on%20Digital%20Circuit%20Artifacts%22,Generated search URL; use browser/all-versions/manual review. Not treated as a PDF source.
10.1007/978-3-540-45238-6_13,CHES,2003,Design and Implementation of a True Random Number Generator Based on Digital Circuit Artifacts,semantic_scholar,search_url_only,https://www.semanticscholar.org/search?q=%22Design%20and%20Implementation%20of%20a%20True%20Random%20Number%20Generator%20Based%20on%20Digital%20Circuit%20Artifacts%22&sort=relevance,Generated search URL; use browser/all-versions/manual review. Not treated as a PDF source.
10.1007/978-3-540-45238-6_14,CHES,2003,True Random Number Generators Secure in a Changing Environment,google_scholar,search_url_only,https://scholar.google.com/scholar?q=%22True%20Random%20Number%20Generators%20Secure%20in%20a%20Changing%20Environment%22,Generated search URL; use browser/all-versions/manual review. Not treated as a PDF source.
10.1007/978-3-540-45238-6_14,CHES,2003,True Random Number Generators Secure in a Changing Environment,researchgate,search_url_only,https://www.researchgate.net/search/publication?q=%22True%20Random%20Number%20Generators%20Secure%20in%20a%20Changing%20Environment%22,Generated search URL; use browser/all-versions/manual review. Not treated as a PDF source.
10.1007/978-3-540-45238-6_14,CHES,2003,True Random Number Generators Secure in a Changing Environment,internet_archive_scholar,search_url_only,https://scholar.archive.org/search?q=%22True%20Random%20Number%20Generators%20Secure%20in%20a%20Changing%20Environment%22,Generated search URL; use browser/all-versions/manual review. Not treated as a PDF source.
10.1007/978-3-540-45238-6_14,CHES,2003,True Random Number Generators Secure in a Changing Environment,dblp,search_url_only,https://dblp.org/search?q=%22True%20Random%20Number%20Generators%20Secure%20in%20a%20Changing%20Environment%22,Generated search URL; use browser/all-versions/manual review. Not treated as a PDF source.
10.1007/978-3-540-45238-6_14,CHES,2003,True Random Number Generators Secure in a Changing Environment,semantic_scholar,search_url_only,https://www.semanticscholar.org/search?q=%22True%20Random%20Number%20Generators%20Secure%20in%20a%20Changing%20Environment%22&sort=relevance,Generated search URL; use browser/all-versions/manual review. Not treated as a PDF source.
10.1007/978-3-540-28632-5_20,CHES,2004,An Offset-Compensated Oscillator-Based Random Bit Source for Security Applications,google_scholar,search_url_only,https://scholar.google.com/scholar?q=%22An%20Offset-Compensated%20Oscillator-Based%20Random%20Bit%20Source%20for%20Security%20Applications%22,Generated search URL; use browser/all-versions/manual review. Not treated as a PDF source.
10.1007/978-3-540-28632-5_20,CHES,2004,An Offset-Compensated Oscillator-Based Random Bit Source for Security Applications,researchgate,search_url_only,https://www.researchgate.net/search/publication?q=%22An%20Offset-Compensated%20Oscillator-Based%20Random%20Bit%20Source%20for%20Security%20Applications%22,Generated search URL; use browser/all-versions/manual review. Not treated as a PDF source.
10.1007/978-3-540-28632-5_20,CHES,2004,An Offset-Compensated Oscillator-Based Random Bit Source for Security Applications,internet_archive_scholar,search_url_only,https://scholar.archive.org/search?q=%22An%20Offset-Compensated%20Oscillator-Based%20Random%20Bit%20Source%20for%20Security%20Applications%22,Generated search URL; use browser/all-versions/manual review. Not treated as a PDF source.
10.1007/978-3-540-28632-5_20,CHES,2004,An Offset-Compensated Oscillator-Based Random Bit Source for Security Applications,dblp,search_url_only,https://dblp.org/search?q=%22An%20Offset-Compensated%20Oscillator-Based%20Random%20Bit%20Source%20for%20Security%20Applications%22,Generated search URL; use browser/all-versions/manual review. Not treated as a PDF source.
10.1007/978-3-540-28632-5_20,CHES,2004,An Offset-Compensated Oscillator-Based Random Bit Source for Security Applications,semantic_scholar,search_url_only,https://www.semanticscholar.org/search?q=%22An%20Offset-Compensated%20Oscillator-Based%20Random%20Bit%20Source%20for%20Security%20Applications%22&sort=relevance,Generated search URL; use browser/all-versions/manual review. Not treated as a PDF source.
10.1007/978-3-540-74735-2_4,CHES,2007,High-Speed True Random Number Generation with Logic Gates Only,google_scholar,search_url_only,https://scholar.google.com/scholar?q=%22High-Speed%20True%20Random%20Number%20Generation%20with%20Logic%20Gates%20Only%22,Generated search URL; use browser/all-versions/manual review. Not treated as a PDF source.
10.1007/978-3-540-74735-2_4,CHES,2007,High-Speed True Random Number Generation with Logic Gates Only,researchgate,search_url_only,https://www.researchgate.net/search/publication?q=%22High-Speed%20True%20Random%20Number%20Generation%20with%20Logic%20Gates%20Only%22,Generated search URL; use browser/all-versions/manual review. Not treated as a PDF source.
10.1007/978-3-540-74735-2_4,CHES,2007,High-Speed True Random Number Generation with Logic Gates Only,internet_archive_scholar,search_url_only,https://scholar.archive.org/search?q=%22High-Speed%20True%20Random%20Number%20Generation%20with%20Logic%20Gates%20Only%22,Generated search URL; use browser/all-versions/manual review. Not treated as a PDF source.
10.1007/978-3-540-74735-2_4,CHES,2007,High-Speed True Random Number Generation with Logic Gates Only,dblp,search_url_only,https://dblp.org/search?q=%22High-Speed%20True%20Random%20Number%20Generation%20with%20Logic%20Gates%20Only%22,Generated search URL; use browser/all-versions/manual review. Not treated as a PDF source.
10.1007/978-3-540-74735-2_4,CHES,2007,High-Speed True Random Number Generation with Logic Gates Only,semantic_scholar,search_url_only,https://www.semanticscholar.org/search?q=%22High-Speed%20True%20Random%20Number%20Generation%20with%20Logic%20Gates%20Only%22&sort=relevance,Generated search URL; use browser/all-versions/manual review. Not treated as a PDF source.
10.1007/978-3-540-85053-3_11,CHES,2008,Fast Digital TRNG Based on Metastable Ring Oscillator,google_scholar,search_url_only,https://scholar.google.com/scholar?q=%22Fast%20Digital%20TRNG%20Based%20on%20Metastable%20Ring%20Oscillator%22,Generated search URL; use browser/all-versions/manual review. Not treated as a PDF source.
10.1007/978-3-540-85053-3_11,CHES,2008,Fast Digital TRNG Based on Metastable Ring Oscillator,researchgate,search_url_only,https://www.researchgate.net/search/publication?q=%22Fast%20Digital%20TRNG%20Based%20on%20Metastable%20Ring%20Oscillator%22,Generated search URL; use browser/all-versions/manual review. Not treated as a PDF source.
10.1007/978-3-540-85053-3_11,CHES,2008,Fast Digital TRNG Based on Metastable Ring Oscillator,internet_archive_scholar,search_url_only,https://scholar.archive.org/search?q=%22Fast%20Digital%20TRNG%20Based%20on%20Metastable%20Ring%20Oscillator%22,Generated search URL; use browser/all-versions/manual review. Not treated as a PDF source.
10.1007/978-3-540-85053-3_11,CHES,2008,Fast Digital TRNG Based on Metastable Ring Oscillator,dblp,search_url_only,https://dblp.org/search?q=%22Fast%20Digital%20TRNG%20Based%20on%20Metastable%20Ring%20Oscillator%22,Generated search URL; use browser/all-versions/manual review. Not treated as a PDF source.
10.1007/978-3-540-85053-3_11,CHES,2008,Fast Digital TRNG Based on Metastable Ring Oscillator,semantic_scholar,search_url_only,https://www.semanticscholar.org/search?q=%22Fast%20Digital%20TRNG%20Based%20on%20Metastable%20Ring%20Oscillator%22&sort=relevance,Generated search URL; use browser/all-versions/manual review. Not treated as a PDF source.
10.1007/978-3-540-85053-3_11,CHES,2008,Fast Digital TRNG Based on Metastable Ring Oscillator,researchgate,public_fulltext_but_copyright_unclear,https://www.researchgate.net/publication/221291622_Fast_Digital_TRNG_Based_on_Metastable_Ring_Oscillator,ResearchGate page says Download full-text PDF; Springer chapter copyright unclear.
10.1007/978-3-642-04138-9_23,CHES,2009,The Frequency Injection Attack on Ring-Oscillator-Based True Random Number Generators,google_scholar,search_url_only,https://scholar.google.com/scholar?q=%22The%20Frequency%20Injection%20Attack%20on%20Ring-Oscillator-Based%20True%20Random%20Number%20Generators%22,Generated search URL; use browser/all-versions/manual review. Not treated as a PDF source.
10.1007/978-3-642-04138-9_23,CHES,2009,The Frequency Injection Attack on Ring-Oscillator-Based True Random Number Generators,researchgate,search_url_only,https://www.researchgate.net/search/publication?q=%22The%20Frequency%20Injection%20Attack%20on%20Ring-Oscillator-Based%20True%20Random%20Number%20Generators%22,Generated search URL; use browser/all-versions/manual review. Not treated as a PDF source.
10.1007/978-3-642-04138-9_23,CHES,2009,The Frequency Injection Attack on Ring-Oscillator-Based True Random Number Generators,internet_archive_scholar,search_url_only,https://scholar.archive.org/search?q=%22The%20Frequency%20Injection%20Attack%20on%20Ring-Oscillator-Based%20True%20Random%20Number%20Generators%22,Generated search URL; use browser/all-versions/manual review. Not treated as a PDF source.
10.1007/978-3-642-04138-9_23,CHES,2009,The Frequency Injection Attack on Ring-Oscillator-Based True Random Number Generators,dblp,search_url_only,https://dblp.org/search?q=%22The%20Frequency%20Injection%20Attack%20on%20Ring-Oscillator-Based%20True%20Random%20Number%20Generators%22,Generated search URL; use browser/all-versions/manual review. Not treated as a PDF source.
10.1007/978-3-642-04138-9_23,CHES,2009,The Frequency Injection Attack on Ring-Oscillator-Based True Random Number Generators,semantic_scholar,search_url_only,https://www.semanticscholar.org/search?q=%22The%20Frequency%20Injection%20Attack%20on%20Ring-Oscillator-Based%20True%20Random%20Number%20Generators%22&sort=relevance,Generated search URL; use browser/all-versions/manual review. Not treated as a PDF source.
10.1007/978-3-642-04138-9_23,CHES,2009,The Frequency Injection Attack on Ring-Oscillator-Based True Random Number Generators,web_search,can_try_browser,https://www.google.com/search?q=%22The+Frequency+Injection+Attack+on+Ring-Oscillator-Based+True+Random+Number+Generators%22+PDF,Generic web search suggested; no clean public PDF confirmed in current pass.
10.1007/978-3-642-15031-9_24,CHES,2010,New High Entropy Element for FPGA Based True Random Number Generators,google_scholar,search_url_only,https://scholar.google.com/scholar?q=%22New%20High%20Entropy%20Element%20for%20FPGA%20Based%20True%20Random%20Number%20Generators%22,Generated search URL; use browser/all-versions/manual review. Not treated as a PDF source.
10.1007/978-3-642-15031-9_24,CHES,2010,New High Entropy Element for FPGA Based True Random Number Generators,researchgate,search_url_only,https://www.researchgate.net/search/publication?q=%22New%20High%20Entropy%20Element%20for%20FPGA%20Based%20True%20Random%20Number%20Generators%22,Generated search URL; use browser/all-versions/manual review. Not treated as a PDF source.
10.1007/978-3-642-15031-9_24,CHES,2010,New High Entropy Element for FPGA Based True Random Number Generators,internet_archive_scholar,search_url_only,https://scholar.archive.org/search?q=%22New%20High%20Entropy%20Element%20for%20FPGA%20Based%20True%20Random%20Number%20Generators%22,Generated search URL; use browser/all-versions/manual review. Not treated as a PDF source.
10.1007/978-3-642-15031-9_24,CHES,2010,New High Entropy Element for FPGA Based True Random Number Generators,dblp,search_url_only,https://dblp.org/search?q=%22New%20High%20Entropy%20Element%20for%20FPGA%20Based%20True%20Random%20Number%20Generators%22,Generated search URL; use browser/all-versions/manual review. Not treated as a PDF source.
10.1007/978-3-642-15031-9_24,CHES,2010,New High Entropy Element for FPGA Based True Random Number Generators,semantic_scholar,search_url_only,https://www.semanticscholar.org/search?q=%22New%20High%20Entropy%20Element%20for%20FPGA%20Based%20True%20Random%20Number%20Generators%22&sort=relevance,Generated search URL; use browser/all-versions/manual review. Not treated as a PDF source.
10.1007/978-3-662-48324-4_18,CHES,2015,A Physical Approach for Stochastic Modeling of TERO-Based TRNG,google_scholar,search_url_only,https://scholar.google.com/scholar?q=%22A%20Physical%20Approach%20for%20Stochastic%20Modeling%20of%20TERO-Based%20TRNG%22,Generated search URL; use browser/all-versions/manual review. Not treated as a PDF source.
10.1007/978-3-662-48324-4_18,CHES,2015,A Physical Approach for Stochastic Modeling of TERO-Based TRNG,researchgate,search_url_only,https://www.researchgate.net/search/publication?q=%22A%20Physical%20Approach%20for%20Stochastic%20Modeling%20of%20TERO-Based%20TRNG%22,Generated search URL; use browser/all-versions/manual review. Not treated as a PDF source.
10.1007/978-3-662-48324-4_18,CHES,2015,A Physical Approach for Stochastic Modeling of TERO-Based TRNG,internet_archive_scholar,search_url_only,https://scholar.archive.org/search?q=%22A%20Physical%20Approach%20for%20Stochastic%20Modeling%20of%20TERO-Based%20TRNG%22,Generated search URL; use browser/all-versions/manual review. Not treated as a PDF source.
10.1007/978-3-662-48324-4_18,CHES,2015,A Physical Approach for Stochastic Modeling of TERO-Based TRNG,dblp,search_url_only,https://dblp.org/search?q=%22A%20Physical%20Approach%20for%20Stochastic%20Modeling%20of%20TERO-Based%20TRNG%22,Generated search URL; use browser/all-versions/manual review. Not treated as a PDF source.
10.1007/978-3-662-48324-4_18,CHES,2015,A Physical Approach for Stochastic Modeling of TERO-Based TRNG,semantic_scholar,search_url_only,https://www.semanticscholar.org/search?q=%22A%20Physical%20Approach%20for%20Stochastic%20Modeling%20of%20TERO-Based%20TRNG%22&sort=relevance,Generated search URL; use browser/all-versions/manual review. Not treated as a PDF source.
